Time,Temperature,Dew Point,Humidity,Wind,Speed,Gust,Pressure,Precip. Rate,Precip. Accum.,UV,Solar
12:04 AM,13.3°C,13.1°C,99%,SSE,4.7km/h,7.2km/h,1006.84hPa,0mm,0mm,0,0w/m²
12:19 AM,13.3°C,13.1°C,99%,SSE,8.7km/h,13km/h,1006.64hPa,0mm,0mm,0,0w/m²
12:34 AM,13.2°C,13°C,99%,SSE,6.4km/h,7.2km/h,1006.84hPa,0mm,0mm,0,0w/m²
12:49 AM,13.1°C,12.9°C,99%,SSE,7.2km/h,7.2km/h,1006.74hPa,0mm,0mm,0,0w/m²
1:04 AM,13.1°C,12.9°C,99%,SE,4.7km/h,5.5km/h,1006.74hPa,0mm,0mm,0,0w/m²
1:19 AM,13.1°C,12.9°C,99%,SSE,7.9km/h,9.3km/h,1006.64hPa,0mm,0mm,0,0w/m²
1:34 AM,13.1°C,12.9°C,99%,SSE,8.7km/h,11.1km/h,1006.33hPa,0mm,0mm,0,0w/m²
1:49 AM,13°C,12.8°C,99%,SE,6.4km/h,7.2km/h,1006.23hPa,0mm,0mm,0,0w/m²
2:04 AM,13.1°C,12.9°C,99%,SE,4.3km/h,7.2km/h,1005.72hPa,0mm,0mm,0,0w/m²
2:19 AM,13.2°C,13°C,99%,SE,4.7km/h,7.2km/h,1005.83hPa,0mm,0mm,0,0w/m²
2:34 AM,13.4°C,13.2°C,99%,SE,5.5km/h,9.3km/h,1005.62hPa,0mm,0mm,0,0w/m²
2:49 AM,13.4°C,13.2°C,99%,SSE,5.5km/h,7.2km/h,1005.62hPa,0mm,0mm,0,0w/m²
3:04 AM,13.4°C,13.2°C,99%,SSE,4.7km/h,7.2km/h,1005.62hPa,0mm,0mm,0,0w/m²
3:19 AM,13.5°C,13.3°C,99%,SE,4km/h,5.5km/h,1005.72hPa,0mm,0mm,0,0w/m²
3:34 AM,13.6°C,13.4°C,99%,SE,4km/h,5.5km/h,1005.83hPa,0mm,0mm,0,0w/m²
3:49 AM,13.6°C,13.4°C,99%,SE,4km/h,5.5km/h,1005.93hPa,0mm,0mm,0,0w/m²
4:04 AM,13.7°C,13.5°C,99%,SE,4.7km/h,5.5km/h,1006.03hPa,0mm,0mm,0,0w/m²
4:19 AM,13.8°C,13.6°C,99%,SE,2.1km/h,3.5km/h,1006.23hPa,0mm,0mm,0,0w/m²
4:34 AM,13.9°C,13.7°C,99%,SSE,2.9km/h,3.5km/h,1006.54hPa,0mm,0mm,0,0w/m²
4:49 AM,13.9°C,13.7°C,99%,SSE,3.2km/h,3.5km/h,1006.54hPa,0mm,0mm,0,0w/m²
5:04 AM,13.8°C,13.6°C,99%,SE,6.1km/h,7.2km/h,1006.54hPa,0mm,0mm,0,0w/m²
5:19 AM,13.8°C,13.6°C,99%,SE,3.5km/h,3.5km/h,1006.54hPa,0mm,0mm,0,0w/m²
5:34 AM,13.8°C,13.6°C,99%,SE,4.3km/h,5.5km/h,1006.74hPa,0mm,0mm,0,0w/m²
5:49 AM,13.8°C,13.6°C,99%,SE,4km/h,5.5km/h,1006.84hPa,0mm,0mm,0,0w/m²
6:04 AM,13.8°C,13.6°C,99%,SE,2.9km/h,3.5km/h,1007.21hPa,0mm,0mm,0,1.1w/m²
6:19 AM,13.9°C,13.7°C,99%,SSE,1.8km/h,1.8km/h,1007.52hPa,0mm,0mm,0,7.5w/m²
6:34 AM,14°C,13.8°C,99%,SE,3.5km/h,3.5km/h,1007.72hPa,0mm,0mm,0,21.8w/m²
6:49 AM,14.2°C,14°C,99%,SE,0km/h,--,1008.03hPa,0mm,0mm,0,36.4w/m²
7:04 AM,14.5°C,14.3°C,99%,SE,1.1km/h,1.8km/h,1007.92hPa,0mm,0mm,0,52.3w/m²
7:19 AM,14.9°C,14.7°C,99%,SE,2.1km/h,3.5km/h,1008.13hPa,0mm,0mm,1,105.3w/m²
7:34 AM,15.6°C,15.4°C,99%,ESE,3.2km/h,3.5km/h,1008.23hPa,0mm,0mm,1,124.9w/m²
7:49 AM,15.6°C,15.4°C,99%,SE,3.5km/h,5.5km/h,1008.43hPa,0mm,0mm,1,111.7w/m²
8:04 AM,16°C,15.8°C,99%,ESE,4km/h,5.5km/h,1008.43hPa,0mm,0mm,1,149w/m²
8:19 AM,16.2°C,16°C,99%,ESE,4.7km/h,7.2km/h,1008.23hPa,0mm,0mm,1,170w/m²
8:34 AM,16.4°C,16.2°C,99%,ESE,4.7km/h,5.5km/h,1008.33hPa,0mm,0mm,1,172.9w/m²
8:49 AM,16.6°C,16.4°C,99%,ESE,3.2km/h,3.5km/h,1008.43hPa,0mm,0mm,1,150.3w/m²
9:04 AM,16.9°C,16.7°C,99%,E,3.5km/h,5.5km/h,1008.43hPa,0mm,0mm,1,197w/m²
9:19 AM,17.5°C,17.3°C,99%,ESE,3.5km/h,5.5km/h,1008.53hPa,0mm,0mm,2,258.6w/m²
9:34 AM,18.2°C,17.9°C,98%,ESE,3.5km/h,3.5km/h,1008.23hPa,0mm,0mm,2,279.5w/m²
9:49 AM,18.8°C,18.3°C,97%,ESE,4km/h,5.5km/h,1008.33hPa,0mm,0mm,2,250.1w/m²
10:04 AM,19.5°C,18.5°C,96%,ESE,3.5km/h,5.5km/h,1008.33hPa,0mm,0mm,3,335.6w/m²
10:19 AM,19.9°C,18.7°C,94%,ESE,3.5km/h,3.5km/h,1008.23hPa,0mm,0mm,4,443.6w/m²
10:34 AM,21.1°C,19.2°C,90%,E,6.9km/h,7.2km/h,1008.03hPa,0mm,0mm,6,617.7w/m²
10:49 AM,21.4°C,19.4°C,89%,SE,6.1km/h,7.2km/h,1007.82hPa,0mm,0mm,6,627.2w/m²
11:04 AM,21.8°C,19.6°C,87%,E,5.5km/h,7.2km/h,1007.82hPa,0mm,0mm,6,659.5w/m²
11:19 AM,22.1°C,19.6°C,87%,SE,2.1km/h,3.5km/h,1007.42hPa,0mm,0mm,8,846.1w/m²
11:34 AM,21.6°C,19.3°C,87%,NE,4.7km/h,5.5km/h,1007.52hPa,0mm,0mm,4,419.9w/m²
11:49 AM,21.5°C,19.4°C,88%,E,6.4km/h,7.2km/h,1007.52hPa,0mm,0mm,2,255.8w/m²
12:04 PM,21.4°C,19.2°C,88%,ENE,9.3km/h,11.1km/h,1007.21hPa,0mm,0mm,2,272.1w/m²
12:19 PM,21.2°C,19.1°C,88%,ESE,7.9km/h,11.1km/h,1007.11hPa,0mm,0mm,2,244.8w/m²
12:34 PM,21.8°C,19.6°C,88%,ESE,4km/h,5.5km/h,1007.01hPa,0mm,0mm,6,702.7w/m²
12:49 PM,21.9°C,19.3°C,85%,SE,3.5km/h,5.5km/h,1006.94hPa,0mm,0mm,2,273.9w/m²
1:04 PM,21.5°C,19.3°C,87%,ESE,4.7km/h,7.2km/h,1006.84hPa,0mm,0mm,1,178.1w/m²
1:19 PM,21°C,19.3°C,91%,E,5.5km/h,9.3km/h,1006.74hPa,0mm,0mm,1,199.6w/m²
1:34 PM,21.7°C,19.6°C,88%,ESE,4km/h,7.2km/h,1006.64hPa,0mm,0mm,4,447.9w/m²
1:49 PM,22.5°C,19.9°C,85%,ESE,7.6km/h,9.3km/h,1006.33hPa,0mm,0mm,7,731.5w/m²
2:04 PM,22.2°C,19.8°C,86%,E,5.5km/h,7.2km/h,1006.23hPa,0mm,0mm,2,245.1w/m²
2:19 PM,22.7°C,20.1°C,86%,SE,10.5km/h,14.8km/h,1006.23hPa,0mm,0mm,5,607.6w/m²
2:34 PM,22.6°C,20.1°C,86%,ESE,7.2km/h,9.3km/h,1005.83hPa,0mm,0mm,6,616.4w/m²
2:49 PM,22.8°C,20.2°C,85%,E,5.8km/h,7.2km/h,1005.72hPa,0mm,0mm,2,296.7w/m²
3:04 PM,22.1°C,19.8°C,87%,E,6.9km/h,9.3km/h,1005.62hPa,0mm,0mm,2,224.2w/m²
3:19 PM,20.8°C,19.6°C,93%,ENE,8.2km/h,11.1km/h,1005.62hPa,0mm,0mm,2,211.3w/m²
3:34 PM,20.2°C,19.7°C,97%,E,5.8km/h,7.2km/h,1005.42hPa,0mm,0mm,2,286.9w/m²
3:49 PM,20.5°C,19.9°C,96%,ESE,2.1km/h,3.5km/h,1005.42hPa,0mm,0mm,2,274.7w/m²
4:04 PM,21.4°C,20.3°C,94%,SSE,4km/h,5.5km/h,1005.32hPa,0mm,0mm,4,496.7w/m²
4:19 PM,23.3°C,21°C,88%,S,2.1km/h,3.5km/h,1004.91hPa,0mm,0mm,4,471.1w/m²
4:34 PM,22.6°C,20.4°C,89%,ESE,4km/h,5.5km/h,1005.11hPa,0mm,0mm,1,156.6w/m²
4:49 PM,19.3°C,19.1°C,99%,SE,4.7km/h,7.2km/h,1005.32hPa,24.61mm,4.09mm,0,59.1w/m²
5:04 PM,18.8°C,18.6°C,99%,ESE,3.5km/h,5.5km/h,1005.32hPa,0mm,4.09mm,0,96.8w/m²
5:19 PM,18.5°C,18.3°C,99%,ESE,4km/h,5.5km/h,1005.22hPa,0mm,4.09mm,1,107.2w/m²
5:34 PM,18.3°C,18.1°C,99%,ESE,4.7km/h,5.5km/h,1005.32hPa,0mm,4.09mm,1,103.1w/m²
5:49 PM,18.2°C,18°C,99%,ESE,4km/h,7.2km/h,1005.52hPa,0mm,4.09mm,0,61.9w/m²
6:04 PM,18.4°C,18.2°C,99%,ESE,2.1km/h,3.5km/h,1005.42hPa,0mm,4.09mm,0,46.9w/m²
6:19 PM,18.3°C,18.1°C,99%,SE,1.4km/h,3.5km/h,1005.42hPa,0mm,4.09mm,0,29.3w/m²
6:34 PM,18.4°C,18.2°C,99%,SSE,3.5km/h,5.5km/h,1005.83hPa,0mm,4.09mm,0,10.1w/m²
6:49 PM,18.5°C,18.3°C,99%,SE,2.1km/h,3.5km/h,1005.93hPa,0mm,4.09mm,0,1.3w/m²
7:04 PM,18.4°C,18.2°C,99%,SE,1.4km/h,1.8km/h,1005.83hPa,0mm,4.09mm,0,0w/m²
7:19 PM,18.4°C,18.2°C,99%,SE,0.3km/h,1.8km/h,1005.93hPa,0mm,4.09mm,0,0w/m²
7:34 PM,18.2°C,18°C,99%,SE,1.8km/h,1.8km/h,1006.03hPa,0mm,4.09mm,0,0w/m²
7:49 PM,18.1°C,17.9°C,99%,SE,2.6km/h,3.5km/h,1005.83hPa,0mm,4.09mm,0,0w/m²
8:04 PM,18.2°C,18°C,99%,SE,1.4km/h,1.8km/h,1006.03hPa,0mm,4.09mm,0,0w/m²
8:19 PM,18.1°C,17.9°C,99%,SE,2.1km/h,3.5km/h,1005.93hPa,0mm,4.09mm,0,0w/m²
8:34 PM,18.3°C,18.1°C,99%,SE,2.9km/h,3.5km/h,1006.03hPa,0mm,4.09mm,0,0w/m²
8:49 PM,18.4°C,18.2°C,99%,SE,2.6km/h,3.5km/h,1006.13hPa,0mm,4.09mm,0,0w/m²
9:04 PM,18.5°C,18.3°C,99%,ESE,4km/h,5.5km/h,1006.13hPa,0mm,4.09mm,0,0w/m²
9:19 PM,18.5°C,18.3°C,99%,SE,2.9km/h,5.5km/h,1006.33hPa,0mm,4.09mm,0,0w/m²
9:34 PM,18.5°C,18.3°C,99%,ESE,3.5km/h,5.5km/h,1006.43hPa,0mm,4.09mm,0,0w/m²
9:49 PM,18.4°C,18.2°C,99%,ESE,4.7km/h,5.5km/h,1006.43hPa,0mm,4.09mm,0,0w/m²
10:04 PM,18.3°C,18.1°C,99%,ESE,7.6km/h,9.3km/h,1006.33hPa,0mm,4.09mm,0,0w/m²
10:19 PM,18.2°C,17.9°C,98%,E,9.7km/h,13km/h,1006.23hPa,0mm,4.09mm,0,0w/m²
10:34 PM,18°C,17.8°C,99%,ESE,6.4km/h,9.3km/h,1006.13hPa,0mm,4.09mm,0,0w/m²
10:49 PM,17.9°C,17.7°C,99%,E,7.6km/h,11.1km/h,1006.13hPa,0mm,4.09mm,0,0w/m²
11:04 PM,17.7°C,17.5°C,99%,ESE,5km/h,9.3km/h,1006.23hPa,0mm,4.09mm,0,0w/m²
11:19 PM,17.5°C,17.3°C,99%,ESE,7.2km/h,11.1km/h,1006.13hPa,0mm,4.09mm,0,0w/m²
11:34 PM,17.4°C,17.2°C,99%,ESE,6.1km/h,9.3km/h,1006.23hPa,0mm,4.09mm,0,0w/m²
11:49 PM,17.2°C,17°C,99%,ESE,5.8km/h,9.3km/h,1005.83hPa,0mm,4.09mm,0,0w/m²