Time,Temperature,Dew Point,Humidity,Wind,Speed,Gust,Pressure,Precip. Rate,Precip. Accum.,UV,Solar
12:04 AM,14.2°C,13.6°C,96%,SSE,5.5km/h,7.2km/h,1005.72hPa,0mm,0mm,0,0w/m²
12:19 AM,14.2°C,13.6°C,96%,SSE,7.2km/h,9.3km/h,1005.62hPa,0mm,0mm,0,0w/m²
12:34 AM,14.2°C,13.6°C,96%,SSE,7.6km/h,9.3km/h,1005.22hPa,0mm,0mm,0,0w/m²
12:49 AM,14.1°C,13.7°C,97%,SE,2.9km/h,5.5km/h,1005.22hPa,0mm,0mm,0,0w/m²
1:04 AM,13.9°C,13.5°C,97%,SSE,7.2km/h,11.1km/h,1004.74hPa,0mm,0mm,0,0w/m²
1:19 AM,13.8°C,13.4°C,97%,ESE,4.3km/h,5.5km/h,1004.64hPa,0mm,0mm,0,0w/m²
1:34 AM,13.8°C,13.5°C,98%,ESE,3.5km/h,5.5km/h,1004.84hPa,0mm,0mm,0,0w/m²
1:49 AM,13.8°C,13.5°C,98%,SE,3.5km/h,5.5km/h,1005.11hPa,0mm,0mm,0,0w/m²
2:04 AM,13.6°C,13.4°C,99%,SSE,6.4km/h,7.2km/h,1005.11hPa,0mm,0mm,0,0w/m²
2:19 AM,13.6°C,13.4°C,99%,SE,6.1km/h,7.2km/h,1005.11hPa,0mm,0mm,0,0w/m²
2:34 AM,13.5°C,13.3°C,99%,SSE,5.5km/h,7.2km/h,1005.32hPa,0mm,0mm,0,0w/m²
2:49 AM,13.4°C,13.2°C,99%,SSE,2.6km/h,3.5km/h,1005.22hPa,0mm,0mm,0,0w/m²
3:04 AM,13.3°C,13.1°C,99%,SE,3.5km/h,3.5km/h,1005.11hPa,0mm,0mm,0,0w/m²
3:19 AM,13.1°C,12.9°C,99%,SSE,4.7km/h,5.5km/h,1004.84hPa,0mm,0mm,0,0w/m²
3:34 AM,13.1°C,12.9°C,99%,SE,3.5km/h,3.5km/h,1004.74hPa,0mm,0mm,0,0w/m²
3:49 AM,13°C,12.8°C,99%,SSE,4.3km/h,5.5km/h,1004.91hPa,0mm,0mm,0,0w/m²
4:04 AM,13°C,12.8°C,99%,SE,3.5km/h,3.5km/h,1004.64hPa,0mm,0mm,0,0w/m²
4:19 AM,12.9°C,12.7°C,99%,SE,0.3km/h,1.8km/h,1004.84hPa,0mm,0mm,0,0w/m²
4:34 AM,12.9°C,12.7°C,99%,SSE,2.9km/h,3.5km/h,1004.84hPa,0mm,0mm,0,0w/m²
4:49 AM,12.9°C,12.7°C,99%,SSE,1.4km/h,1.8km/h,1004.91hPa,0mm,0mm,0,0w/m²
5:04 AM,12.8°C,12.6°C,99%,SSE,0km/h,--,1005.11hPa,0mm,0mm,0,0w/m²
5:19 AM,12.6°C,12.4°C,99%,SSE,0.3km/h,1.8km/h,1005.11hPa,0mm,0mm,0,0w/m²
5:34 AM,12.7°C,12.5°C,99%,SSE,1.8km/h,1.8km/h,1005.22hPa,0mm,0mm,0,0w/m²
5:49 AM,12°C,11.8°C,99%,SSE,1.4km/h,1.8km/h,1005.32hPa,0mm,0mm,0,0w/m²
6:04 AM,11.8°C,11.6°C,99%,SSE,0.6km/h,1.8km/h,1005.52hPa,0mm,0mm,0,0.5w/m²
6:19 AM,11.9°C,11.7°C,99%,SE,2.1km/h,3.5km/h,1005.42hPa,0mm,0mm,0,4.1w/m²
6:34 AM,12.4°C,12.2°C,99%,SSE,4km/h,5.5km/h,1005.72hPa,0mm,0mm,0,12w/m²
6:49 AM,12.7°C,12.5°C,99%,SE,5.8km/h,7.2km/h,1005.93hPa,0mm,0mm,0,30.9w/m²
7:04 AM,12.9°C,12.7°C,99%,SSE,6.9km/h,7.2km/h,1006.13hPa,0mm,0mm,0,29.4w/m²
7:19 AM,13.1°C,12.9°C,99%,S,6.1km/h,9.3km/h,1006.64hPa,0mm,0mm,0,24.8w/m²
7:34 AM,13.3°C,13.1°C,99%,SE,6.9km/h,9.3km/h,1006.74hPa,0mm,0mm,0,55.6w/m²
7:49 AM,13.4°C,13.2°C,99%,SSE,4.7km/h,5.5km/h,1007.21hPa,0mm,0mm,0,70.7w/m²
8:04 AM,13.5°C,13.3°C,99%,SE,6.4km/h,9.3km/h,1007.62hPa,0mm,0mm,0,73.5w/m²
8:19 AM,13.6°C,13.4°C,99%,SSE,3.5km/h,5.5km/h,1007.62hPa,0mm,0mm,1,102.7w/m²
8:34 AM,14.2°C,14°C,99%,SE,3.5km/h,5.5km/h,1007.62hPa,0mm,0mm,1,139.6w/m²
8:49 AM,14.5°C,14.3°C,99%,ESE,3.5km/h,3.5km/h,1007.42hPa,0mm,0mm,1,152.2w/m²
9:04 AM,14.5°C,14.3°C,99%,SE,6.4km/h,7.2km/h,1007.72hPa,0mm,0mm,1,148.9w/m²
9:19 AM,14.9°C,14.7°C,99%,ESE,3.5km/h,5.5km/h,1007.72hPa,0mm,0mm,1,191.7w/m²
9:34 AM,15.3°C,15.1°C,99%,S,4.7km/h,5.5km/h,1008.23hPa,0mm,0mm,1,137.9w/m²
9:49 AM,15.1°C,14.9°C,99%,S,7.6km/h,9.3km/h,1008.74hPa,0mm,0mm,1,136.8w/m²
10:04 AM,15.1°C,14.9°C,99%,SSW,8.7km/h,11.1km/h,1008.74hPa,0mm,0mm,4,410.5w/m²
10:19 AM,15.5°C,15.3°C,99%,S,9.7km/h,11.1km/h,1008.64hPa,0mm,0mm,9,927.2w/m²
10:34 AM,16.8°C,15.9°C,97%,SSE,5.5km/h,7.2km/h,1008.74hPa,0mm,0mm,8,861.2w/m²
10:49 AM,17.2°C,15.7°C,93%,S,7.9km/h,9.3km/h,1008.53hPa,0mm,0mm,9,1007.9w/m²
11:04 AM,18.5°C,15.7°C,84%,S,8.7km/h,16.6km/h,1008.53hPa,0mm,0mm,8,895.1w/m²
11:19 AM,18.8°C,15.7°C,83%,S,7.9km/h,9.3km/h,1008.84hPa,0mm,0mm,5,537.7w/m²
11:34 AM,19°C,15.2°C,79%,S,11.9km/h,14.8km/h,1008.84hPa,0mm,0mm,9,987w/m²
11:49 AM,19.9°C,15.6°C,77%,S,10.5km/h,13km/h,1008.64hPa,0mm,0mm,9,993w/m²
12:04 PM,19.2°C,14.7°C,76%,SSW,10.8km/h,13km/h,1008.74hPa,0mm,0mm,8,901.6w/m²
12:19 PM,20°C,15°C,74%,S,11.1km/h,13km/h,1008.94hPa,0mm,0mm,10,1069.8w/m²
12:34 PM,19.6°C,15.1°C,75%,SSW,14km/h,18.3km/h,1008.94hPa,0mm,0mm,8,902.7w/m²
12:49 PM,19.6°C,15.1°C,76%,S,8.7km/h,14.8km/h,1008.94hPa,0mm,0mm,9,1002.4w/m²
1:04 PM,19.8°C,15.2°C,75%,S,7.9km/h,14.8km/h,1009.04hPa,0mm,0mm,4,480.1w/m²
1:19 PM,21.3°C,15.3°C,70%,SSE,12.6km/h,18.3km/h,1008.64hPa,0mm,0mm,9,970.4w/m²
1:34 PM,21.6°C,14.8°C,66%,SSW,7.9km/h,13km/h,1008.84hPa,0mm,0mm,8,835.8w/m²
1:49 PM,21°C,14.5°C,67%,S,9.7km/h,14.8km/h,1008.53hPa,0mm,0mm,7,793.3w/m²
2:04 PM,20.8°C,14.7°C,69%,SSW,7.9km/h,11.1km/h,1008.64hPa,0mm,0mm,8,829.9w/m²
2:19 PM,20.3°C,14.9°C,72%,SSW,9km/h,13km/h,1008.74hPa,0mm,0mm,6,661.5w/m²
2:34 PM,20.6°C,15.2°C,71%,S,11.9km/h,16.6km/h,1008.64hPa,0mm,0mm,7,807.5w/m²
2:49 PM,20.2°C,14.3°C,69%,S,6.1km/h,11.1km/h,1008.43hPa,0mm,0mm,7,745.5w/m²
3:04 PM,20.1°C,13.9°C,68%,S,4.7km/h,7.2km/h,1008.33hPa,0mm,0mm,5,571.4w/m²
3:19 PM,20.2°C,13.9°C,68%,SSW,9.3km/h,14.8km/h,1008.43hPa,0mm,0mm,4,442.6w/m²
3:34 PM,19.6°C,13.3°C,67%,SSW,12.6km/h,18.3km/h,1008.64hPa,0mm,0mm,4,499.6w/m²
3:49 PM,19.1°C,13.2°C,69%,S,11.1km/h,14.8km/h,1008.74hPa,0mm,0mm,4,462.8w/m²
4:04 PM,19°C,13.1°C,69%,S,11.1km/h,16.6km/h,1008.84hPa,0mm,0mm,3,340.1w/m²
4:19 PM,19.1°C,12.6°C,66%,S,9.3km/h,13km/h,1008.94hPa,0mm,0mm,3,372.5w/m²
4:34 PM,18.5°C,12.3°C,68%,S,10.8km/h,14.8km/h,1008.84hPa,0mm,0mm,2,255.9w/m²
4:49 PM,18.5°C,12.5°C,68%,S,11.1km/h,14.8km/h,1008.94hPa,0mm,0mm,2,291.4w/m²
5:04 PM,17.8°C,12.1°C,70%,S,11.1km/h,14.8km/h,1009.11hPa,0mm,0mm,2,253.2w/m²
5:19 PM,18.1°C,12.2°C,69%,S,9.3km/h,11.1km/h,1009.21hPa,0mm,0mm,1,126.6w/m²
5:34 PM,17.5°C,11.3°C,68%,S,7.2km/h,13km/h,1009.41hPa,0mm,0mm,0,62.8w/m²
5:49 PM,17.1°C,11.5°C,70%,S,10.1km/h,14.8km/h,1009.52hPa,0mm,0mm,0,59.7w/m²
6:04 PM,16.8°C,11.6°C,72%,S,3.5km/h,5.5km/h,1009.72hPa,0mm,0mm,0,35.9w/m²
6:19 PM,16.4°C,11.6°C,73%,S,6.4km/h,9.3km/h,1009.92hPa,0mm,0mm,0,23.9w/m²
6:34 PM,16.1°C,11.6°C,75%,S,4km/h,5.5km/h,1009.92hPa,0mm,0mm,0,7.9w/m²
6:49 PM,15.6°C,11.4°C,76%,S,5.5km/h,7.2km/h,1010.13hPa,0mm,0mm,0,1.1w/m²
7:04 PM,15.2°C,11.4°C,78%,S,4.7km/h,7.2km/h,1010.13hPa,0mm,0mm,0,0w/m²
7:19 PM,15°C,11.2°C,78%,S,6.4km/h,9.3km/h,1010.43hPa,0mm,0mm,0,0w/m²
7:34 PM,14.7°C,11.1°C,79%,S,6.4km/h,9.3km/h,1010.33hPa,0mm,0mm,0,0w/m²
7:49 PM,14.3°C,11.1°C,81%,S,7.9km/h,9.3km/h,1010.43hPa,0mm,0mm,0,0w/m²
8:04 PM,14°C,11°C,82%,S,7.9km/h,9.3km/h,1010.33hPa,0mm,0mm,0,0w/m²
8:19 PM,13.7°C,11.1°C,85%,S,7.6km/h,11.1km/h,1010.63hPa,0mm,0mm,0,0w/m²
8:34 PM,13.3°C,11°C,86%,SSW,8.7km/h,9.3km/h,1010.53hPa,0mm,0mm,0,0w/m²
8:49 PM,13.1°C,11°C,87%,S,9.3km/h,13km/h,1010.74hPa,0mm,0mm,0,0w/m²
9:04 PM,12.8°C,10.8°C,88%,S,9.3km/h,11.1km/h,1010.74hPa,0mm,0mm,0,0w/m²
9:19 PM,12.7°C,10.6°C,88%,S,10.5km/h,14.8km/h,1010.94hPa,0mm,0mm,0,0w/m²
9:34 PM,12.4°C,10.3°C,88%,S,9.3km/h,13km/h,1011.04hPa,0mm,0mm,0,0w/m²
9:49 PM,12.1°C,10.1°C,88%,S,9.3km/h,13km/h,1011.04hPa,0mm,0mm,0,0w/m²
10:04 PM,12°C,10°C,88%,S,9.7km/h,11.1km/h,1011.24hPa,0mm,0mm,0,0w/m²
10:19 PM,12°C,9.8°C,86%,S,9.7km/h,14.8km/h,1011.14hPa,0mm,0mm,0,0w/m²
10:34 PM,11.8°C,9.7°C,88%,S,7.9km/h,13km/h,1011.24hPa,0mm,0mm,0,0w/m²
10:49 PM,11.5°C,9.7°C,89%,S,9.7km/h,13km/h,1011.24hPa,0mm,0mm,0,0w/m²
11:04 PM,11.3°C,9.5°C,89%,S,7.6km/h,11.1km/h,1011.31hPa,0mm,0mm,0,0w/m²
11:19 PM,11.3°C,9.3°C,88%,S,10.1km/h,13km/h,1011.41hPa,0mm,0mm,0,0w/m²
11:34 PM,11.2°C,9.3°C,89%,S,10.1km/h,14.8km/h,1011.31hPa,0mm,0mm,0,0w/m²
11:49 PM,11°C,9.2°C,89%,S,9.7km/h,13km/h,1011.41hPa,0mm,0mm,0,0w/m²
12:04 AM,10.9°C,9.3°C,90%,S,6.4km/h,9.3km/h,1011.72hPa,0mm,0mm,0,0w/m²
12:19 AM,10.7°C,9.2°C,91%,S,6.4km/h,9.3km/h,1011.41hPa,0mm,0mm,0,0w/m²
12:34 AM,10.4°C,9.2°C,92%,SSE,9.3km/h,13km/h,1011.41hPa,0mm,0mm,0,0w/m²
12:49 AM,10.3°C,9.1°C,92%,SSE,4km/h,5.5km/h,1011.41hPa,0mm,0mm,0,0w/m²
1:04 AM,10.1°C,9°C,93%,SSE,4.3km/h,7.2km/h,1011.51hPa,0mm,0mm,0,0w/m²
1:19 AM,9.8°C,8.8°C,94%,SSE,7.9km/h,11.1km/h,1011.31hPa,0mm,0mm,0,0w/m²
1:34 AM,9.7°C,8.8°C,95%,SSE,5.5km/h,7.2km/h,1011.31hPa,0mm,0mm,0,0w/m²
1:49 AM,9.5°C,8.7°C,95%,SSE,6.4km/h,7.2km/h,1011.04hPa,0mm,0mm,0,0w/m²
2:04 AM,9.4°C,8.6°C,95%,SSE,5.5km/h,7.2km/h,1011.04hPa,0mm,0mm,0,0w/m²
2:19 AM,9.4°C,8.6°C,95%,SE,9km/h,11.1km/h,1011.24hPa,0mm,0mm,0,0w/m²
2:34 AM,9.4°C,8.6°C,95%,SSE,5.8km/h,7.2km/h,1010.84hPa,0mm,0mm,0,0w/m²
2:49 AM,9.3°C,8.5°C,95%,SSE,4.7km/h,5.5km/h,1010.74hPa,0mm,0mm,0,0w/m²
3:04 AM,9°C,8.5°C,96%,SE,5km/h,7.2km/h,1010.84hPa,0mm,0mm,0,0w/m²
3:19 AM,8.8°C,8.4°C,97%,SSE,5km/h,7.2km/h,1010.63hPa,0mm,0mm,0,0w/m²
3:34 AM,8.6°C,8.3°C,98%,SSE,1.4km/h,1.8km/h,1010.74hPa,0mm,0mm,0,0w/m²
3:49 AM,8.6°C,8.3°C,98%,S,6.1km/h,9.3km/h,1010.74hPa,0mm,0mm,0,0w/m²
4:04 AM,8.5°C,8.2°C,99%,S,6.1km/h,7.2km/h,1010.94hPa,0mm,0mm,0,0w/m²
4:19 AM,8.4°C,8.2°C,99%,S,7.2km/h,9.3km/h,1010.94hPa,0mm,0mm,0,0w/m²
4:34 AM,8.5°C,8.2°C,98%,SSE,4km/h,5.5km/h,1010.94hPa,0mm,0mm,0,0w/m²
4:49 AM,8.5°C,8.2°C,98%,SSE,3.2km/h,3.5km/h,1011.04hPa,0mm,0mm,0,0w/m²
5:04 AM,8.4°C,8.2°C,99%,SSE,4km/h,5.5km/h,1011.04hPa,0mm,0mm,0,0w/m²
5:19 AM,8.1°C,7.9°C,99%,SE,1.1km/h,1.8km/h,1011.31hPa,0mm,0mm,0,0w/m²
5:34 AM,7.6°C,7.4°C,99%,SE,0km/h,--,1011.41hPa,0mm,0mm,0,0w/m²
5:49 AM,7.4°C,7.2°C,99%,SE,0km/h,--,1011.31hPa,0mm,0mm,0,0w/m²
6:04 AM,7.4°C,7.2°C,99%,SE,2.1km/h,3.5km/h,1011.51hPa,0mm,0mm,0,0.7w/m²
6:19 AM,7.6°C,7.4°C,99%,SE,2.1km/h,3.5km/h,1011.62hPa,0mm,0mm,0,6.4w/m²
6:34 AM,7.6°C,7.4°C,99%,SE,3.5km/h,3.5km/h,1011.62hPa,0mm,0mm,0,14.9w/m²
6:49 AM,7.9°C,7.7°C,99%,SE,4.3km/h,5.5km/h,1011.72hPa,0mm,0mm,0,21.4w/m²
7:04 AM,8.4°C,8.2°C,99%,SE,4km/h,5.5km/h,1011.62hPa,0mm,0mm,0,26.2w/m²
7:19 AM,8.9°C,8.6°C,98%,SE,5.5km/h,5.5km/h,1011.82hPa,0mm,0mm,0,30.4w/m²
7:34 AM,9.6°C,8.7°C,95%,SSE,9km/h,11.1km/h,1011.72hPa,0mm,0mm,1,152.6w/m²
7:49 AM,10.5°C,9.2°C,92%,SSE,6.9km/h,13km/h,1011.82hPa,0mm,0mm,1,203.2w/m²
8:04 AM,11.1°C,9.5°C,91%,SE,15.4km/h,18.3km/h,1012.02hPa,0mm,0mm,2,264.8w/m²
8:19 AM,11.4°C,9.6°C,89%,SSE,13.7km/h,16.6km/h,1012.33hPa,0mm,0mm,3,322.2w/m²
8:34 AM,12°C,9.7°C,87%,SE,14.8km/h,18.3km/h,1012.53hPa,0mm,0mm,3,380.9w/m²
8:49 AM,11.8°C,9.6°C,86%,SE,10.5km/h,13km/h,1012.23hPa,0mm,0mm,4,440.9w/m²
9:04 AM,11.9°C,9.7°C,86%,SE,11.6km/h,14.8km/h,1012.23hPa,0mm,0mm,4,497.1w/m²
9:19 AM,13.1°C,9.9°C,82%,SE,11.6km/h,16.6km/h,1012.23hPa,0mm,0mm,5,550.1w/m²
9:34 AM,12.9°C,9.4°C,80%,SE,10.5km/h,13km/h,1012.23hPa,0mm,0mm,5,602.2w/m²
9:49 AM,13.9°C,9.7°C,76%,ESE,6.1km/h,9.3km/h,1012.02hPa,0mm,0mm,6,651.2w/m²
10:04 AM,13.6°C,9.1°C,75%,SSE,9km/h,11.1km/h,1011.92hPa,0mm,0mm,6,698.2w/m²
10:19 AM,14°C,9.6°C,76%,S,9.7km/h,13km/h,1011.82hPa,0mm,0mm,7,763.6w/m²
10:34 AM,14.7°C,9.9°C,75%,E,5.5km/h,9.3km/h,1011.62hPa,0mm,0mm,7,772.7w/m²
10:49 AM,15.2°C,10.2°C,74%,SSE,9km/h,13km/h,1011.31hPa,0mm,0mm,7,813w/m²
11:04 AM,15°C,10°C,73%,SSE,10.1km/h,13km/h,1011.31hPa,0mm,0mm,8,829.7w/m²
11:19 AM,15.5°C,10°C,70%,SSE,10.5km/h,16.6km/h,1011.04hPa,0mm,0mm,8,850w/m²
11:34 AM,15.4°C,9.7°C,69%,S,14.8km/h,20.1km/h,1010.84hPa,0mm,0mm,8,866.8w/m²
11:49 AM,15.9°C,9.8°C,67%,S,9.7km/h,13km/h,1010.63hPa,0mm,0mm,8,882.8w/m²
12:04 PM,16.7°C,10°C,65%,ESE,10.5km/h,13km/h,1010.33hPa,0mm,0mm,8,892.4w/m²
12:19 PM,16.7°C,10.3°C,66%,SE,6.4km/h,11.1km/h,1010.13hPa,0mm,0mm,8,894.5w/m²
12:34 PM,17.2°C,10.1°C,63%,SSE,14.8km/h,18.3km/h,1010.13hPa,0mm,0mm,8,889.5w/m²
12:49 PM,17.8°C,10.7°C,64%,ESE,5.5km/h,7.2km/h,1009.62hPa,0mm,0mm,8,882w/m²
1:04 PM,18.3°C,10.2°C,62%,SSE,6.9km/h,9.3km/h,1009.31hPa,0mm,0mm,8,869.5w/m²
1:19 PM,17.6°C,9.8°C,60%,S,11.1km/h,13km/h,1009.11hPa,0mm,0mm,8,855.3w/m²
1:34 PM,18.6°C,9.9°C,59%,NE,7.6km/h,11.1km/h,1008.74hPa,0mm,0mm,8,835.2w/m²
1:49 PM,18.4°C,10.3°C,59%,SSE,6.1km/h,7.2km/h,1008.33hPa,0mm,0mm,7,808.5w/m²
2:04 PM,19°C,10.1°C,57%,S,6.9km/h,9.3km/h,1008.03hPa,0mm,0mm,7,780.9w/m²
2:19 PM,19.1°C,10.1°C,57%,SE,10.5km/h,13km/h,1007.62hPa,0mm,0mm,7,745.7w/m²
2:34 PM,19.4°C,10.2°C,56%,S,9.3km/h,13km/h,1007.42hPa,0mm,0mm,6,709.2w/m²
2:49 PM,19.1°C,10.1°C,56%,SSE,9.7km/h,11.1km/h,1007.11hPa,0mm,0mm,6,667.5w/m²
3:04 PM,19.5°C,9.7°C,54%,SSE,10.8km/h,13km/h,1006.84hPa,0mm,0mm,6,626.3w/m²
3:19 PM,20.4°C,10.1°C,52%,SSE,9.3km/h,11.1km/h,1006.74hPa,0mm,0mm,5,579w/m²
3:34 PM,19.4°C,9.3°C,52%,SSE,10.5km/h,14.8km/h,1006.54hPa,0mm,0mm,5,526.5w/m²
3:49 PM,19.9°C,10.4°C,55%,SSE,10.5km/h,13km/h,1006.43hPa,0mm,0mm,4,471.9w/m²
4:04 PM,20°C,10.6°C,55%,SE,6.4km/h,7.2km/h,1006.23hPa,0mm,0mm,4,417.9w/m²
4:19 PM,20.2°C,10.6°C,54%,ESE,6.1km/h,11.1km/h,1006.03hPa,0mm,0mm,3,357w/m²
4:34 PM,19.9°C,10.6°C,55%,SSE,12.6km/h,18.3km/h,1005.83hPa,0mm,0mm,2,298.1w/m²
4:49 PM,19.8°C,10.5°C,56%,SE,9.3km/h,13km/h,1005.52hPa,0mm,0mm,2,243.5w/m²
5:04 PM,19.7°C,10.4°C,55%,SE,7.2km/h,11.1km/h,1005.62hPa,0mm,0mm,1,197.8w/m²
5:19 PM,19.3°C,10.3°C,56%,SSE,4.7km/h,5.5km/h,1005.72hPa,0mm,0mm,1,143.7w/m²
5:34 PM,18.7°C,9.9°C,57%,SSE,12.6km/h,14.8km/h,1005.52hPa,0mm,0mm,0,34.4w/m²
5:49 PM,18.6°C,10.1°C,58%,SSE,10.5km/h,13km/h,1005.62hPa,0mm,0mm,0,30.3w/m²
6:04 PM,18.3°C,10.2°C,59%,SSE,9.7km/h,14.8km/h,1005.62hPa,0mm,0mm,0,24.8w/m²
6:19 PM,17.9°C,10.3°C,61%,SE,7.9km/h,11.1km/h,1005.62hPa,0mm,0mm,0,17.4w/m²
6:34 PM,17.4°C,10.4°C,64%,SE,6.4km/h,9.3km/h,1005.52hPa,0mm,0mm,0,5.9w/m²
6:49 PM,16.7°C,10.4°C,67%,SE,5km/h,7.2km/h,1005.62hPa,0mm,0mm,0,0.8w/m²
7:04 PM,16.3°C,10.4°C,68%,SSE,5.8km/h,7.2km/h,1005.72hPa,0mm,0mm,0,0w/m²
7:19 PM,15.9°C,10.5°C,70%,SE,6.1km/h,7.2km/h,1005.93hPa,0mm,0mm,0,0w/m²
7:34 PM,15.6°C,10.3°C,71%,SSE,6.1km/h,7.2km/h,1005.83hPa,0mm,0mm,0,0w/m²
7:49 PM,15.3°C,10.3°C,72%,SSE,7.9km/h,13km/h,1005.62hPa,0mm,0mm,0,0w/m²
8:04 PM,15°C,10.2°C,73%,SE,8.2km/h,11.1km/h,1005.72hPa,0mm,0mm,0,0w/m²
8:19 PM,14.7°C,10.1°C,74%,SSE,6.4km/h,7.2km/h,1005.62hPa,0mm,0mm,0,0w/m²
8:34 PM,14.4°C,9.9°C,75%,SE,11.1km/h,14.8km/h,1005.62hPa,0mm,0mm,0,0w/m²
8:49 PM,14.1°C,10°C,77%,SE,11.1km/h,14.8km/h,1005.52hPa,0mm,0mm,0,0w/m²
9:04 PM,13.7°C,10°C,78%,SSE,12.2km/h,16.6km/h,1005.83hPa,0mm,0mm,0,0w/m²
9:19 PM,13.4°C,10°C,80%,SE,11.6km/h,13km/h,1005.72hPa,0mm,0mm,0,0w/m²
9:34 PM,13.1°C,10.1°C,82%,SE,7.9km/h,13km/h,1005.62hPa,0mm,0mm,0,0w/m²
9:49 PM,13°C,10.2°C,83%,SSE,11.1km/h,14.8km/h,1005.42hPa,0mm,0mm,0,0w/m²
10:04 PM,12.8°C,10.2°C,84%,SSE,11.1km/h,16.6km/h,1005.52hPa,0mm,0mm,0,0w/m²
10:19 PM,12.6°C,10.2°C,86%,SSE,8.2km/h,14.8km/h,1005.32hPa,0mm,0mm,0,0w/m²
10:34 PM,12.4°C,10.3°C,87%,SSE,9.3km/h,13km/h,1005.42hPa,0mm,0mm,0,0w/m²
10:49 PM,12.2°C,10.2°C,88%,SSE,5.5km/h,7.2km/h,1005.32hPa,0mm,0mm,0,0w/m²
11:04 PM,12°C,10.2°C,89%,SSE,5.5km/h,5.5km/h,1005.11hPa,0mm,0mm,0,0w/m²
11:19 PM,11.8°C,10°C,89%,SE,2.6km/h,3.5km/h,1005.01hPa,0mm,0mm,0,0w/m²
11:34 PM,11.9°C,9.9°C,88%,SSE,6.4km/h,7.2km/h,1004.84hPa,0mm,0mm,0,0w/m²
11:49 PM,11.9°C,9.8°C,87%,SE,5km/h,5.5km/h,1004.64hPa,0mm,0mm,0,0w/m²
12:04 AM,11.9°C,9.8°C,87%,SE,4.7km/h,7.2km/h,1004.84hPa,0mm,0mm,0,0w/m²
12:19 AM,11.7°C,9.6°C,87%,SE,5.8km/h,7.2km/h,1004.74hPa,0mm,0mm,0,0w/m²
12:34 AM,11.4°C,9.6°C,89%,ESE,4km/h,7.2km/h,1004.34hPa,0mm,0mm,0,0w/m²
12:49 AM,11.2°C,9.4°C,89%,ESE,6.4km/h,9.3km/h,1004.13hPa,0mm,0mm,0,0w/m²
1:04 AM,10.9°C,9.3°C,90%,ESE,4.7km/h,7.2km/h,1004.03hPa,0mm,0mm,0,0w/m²
1:19 AM,10.9°C,9.4°C,91%,ESE,5.5km/h,9.3km/h,1003.93hPa,0mm,0mm,0,0w/m²
1:34 AM,10.7°C,9.4°C,92%,ESE,3.5km/h,5.5km/h,1003.62hPa,0mm,0mm,0,0w/m²
1:49 AM,10.6°C,9.4°C,92%,SE,4.3km/h,5.5km/h,1003.73hPa,0mm,0mm,0,0w/m²
2:04 AM,10.6°C,9.4°C,92%,SE,4.7km/h,7.2km/h,1003.52hPa,0mm,0mm,0,0w/m²
2:19 AM,10.6°C,9.4°C,92%,SE,3.5km/h,3.5km/h,1003.42hPa,0mm,0mm,0,0w/m²
2:34 AM,10.3°C,9.2°C,93%,SE,1.4km/h,3.5km/h,1003.32hPa,0mm,0mm,0,0w/m²
2:49 AM,10.6°C,9.4°C,92%,SE,3.5km/h,5.5km/h,1003.22hPa,0mm,0mm,0,0w/m²
3:04 AM,10.5°C,9.3°C,92%,SE,4.3km/h,5.5km/h,1002.91hPa,0mm,0mm,0,0w/m²
3:19 AM,10.6°C,9.4°C,92%,SE,5.8km/h,7.2km/h,1002.81hPa,0mm,0mm,0,0w/m²
3:34 AM,10.4°C,9.2°C,92%,SE,2.6km/h,3.5km/h,1002.91hPa,0mm,0mm,0,0w/m²
3:49 AM,10.4°C,9.2°C,92%,SE,3.5km/h,3.5km/h,1003.12hPa,0mm,0mm,0,0w/m²
4:04 AM,10.5°C,9.3°C,92%,SE,5.5km/h,5.5km/h,1003.12hPa,0mm,0mm,0,0w/m²
4:19 AM,10.1°C,9.1°C,94%,SSE,2.6km/h,3.5km/h,1003.32hPa,0mm,0mm,0,0w/m²
4:34 AM,9.9°C,8.9°C,95%,SE,4km/h,5.5km/h,1003.32hPa,0mm,0mm,0,0w/m²
4:49 AM,9.8°C,9°C,95%,SE,2.1km/h,3.5km/h,1003.42hPa,0mm,0mm,0,0w/m²
5:04 AM,10°C,9°C,94%,SE,5.5km/h,7.2km/h,1003.32hPa,0mm,0mm,0,0w/m²
5:19 AM,9.8°C,9°C,95%,SE,2.1km/h,3.5km/h,1003.62hPa,0mm,0mm,0,0w/m²
5:34 AM,10°C,9°C,94%,SE,4.3km/h,5.5km/h,1003.52hPa,0mm,0mm,0,0w/m²
5:49 AM,9.9°C,8.9°C,94%,SSE,3.5km/h,5.5km/h,1003.73hPa,0mm,0mm,0,0w/m²
6:04 AM,10°C,9°C,94%,SSE,3.2km/h,3.5km/h,1003.73hPa,0mm,0mm,0,1.2w/m²
6:19 AM,10°C,9.2°C,95%,SE,2.9km/h,5.5km/h,1003.93hPa,0mm,0mm,0,7.2w/m²
6:34 AM,10.3°C,9.3°C,94%,SE,1.4km/h,1.8km/h,1003.93hPa,0mm,0mm,0,17.8w/m²
6:49 AM,10.6°C,9.5°C,93%,SE,2.1km/h,3.5km/h,1004.03hPa,0mm,0mm,0,27w/m²
7:04 AM,11°C,9.8°C,92%,SE,2.1km/h,5.5km/h,1004.03hPa,0mm,0mm,0,57.5w/m²
7:19 AM,11.8°C,10.2°C,91%,ESE,6.1km/h,9.3km/h,1004.44hPa,0mm,0mm,0,89.7w/m²
7:34 AM,12.5°C,10.7°C,89%,E,5.5km/h,5.5km/h,1004.44hPa,0mm,0mm,0,87.5w/m²
7:49 AM,13.7°C,11.4°C,86%,ESE,7.2km/h,9.3km/h,1004.74hPa,0mm,0mm,2,213.2w/m²
8:04 AM,14.6°C,12.1°C,85%,ESE,4.7km/h,7.2km/h,1004.64hPa,0mm,0mm,2,280.5w/m²
8:19 AM,15.1°C,12.6°C,86%,E,5.8km/h,7.2km/h,1004.54hPa,0mm,0mm,3,311.7w/m²
8:34 AM,16.5°C,13.6°C,83%,ENE,9km/h,11.1km/h,1004.74hPa,0mm,0mm,3,409.3w/m²
8:49 AM,18°C,14.5°C,82%,E,8.7km/h,11.1km/h,1004.74hPa,0mm,0mm,5,522.9w/m²
9:04 AM,18.7°C,15.1°C,81%,E,5.5km/h,9.3km/h,1004.64hPa,0mm,0mm,5,562.8w/m²
9:19 AM,19.4°C,15.7°C,80%,ENE,7.9km/h,11.1km/h,1004.64hPa,0mm,0mm,5,570.6w/m²
9:34 AM,19.4°C,15.9°C,81%,E,6.4km/h,9.3km/h,1004.54hPa,0mm,0mm,5,558.5w/m²
9:49 AM,20.3°C,16.6°C,79%,E,9km/h,11.1km/h,1004.34hPa,0mm,0mm,6,664.9w/m²
10:04 AM,22.7°C,17.9°C,75%,ENE,13.7km/h,18.3km/h,1003.93hPa,0mm,0mm,6,674.3w/m²
10:19 AM,23.9°C,18.3°C,72%,NE,12.2km/h,14.8km/h,1003.52hPa,0mm,0mm,6,698.3w/m²
10:34 AM,24°C,19.3°C,75%,NE,10.1km/h,16.6km/h,1003.52hPa,0mm,0mm,6,693.3w/m²
10:49 AM,24.1°C,19.8°C,77%,NE,10.8km/h,16.6km/h,1003.12hPa,0mm,0mm,7,813.8w/m²
11:04 AM,24.3°C,20.2°C,78%,NNE,13.4km/h,20.1km/h,1002.64hPa,0mm,0mm,5,532.4w/m²
11:19 AM,24.8°C,20.5°C,77%,NE,12.6km/h,18.3km/h,1002.13hPa,0mm,0mm,7,771.9w/m²
11:34 AM,25.7°C,21°C,75%,NNE,13.4km/h,20.1km/h,1001.93hPa,0mm,0mm,7,813.6w/m²
11:49 AM,25°C,20.5°C,76%,NNE,11.9km/h,14.8km/h,1001.73hPa,0mm,0mm,6,630.7w/m²
12:04 PM,25.9°C,20.9°C,75%,NNE,13km/h,20.1km/h,1001.63hPa,0mm,0mm,8,870.8w/m²
12:19 PM,26.2°C,21.1°C,74%,NNE,15.1km/h,20.1km/h,1001.42hPa,0mm,0mm,7,757.9w/m²
12:34 PM,25.9°C,20.7°C,73%,NNE,10.8km/h,18.3km/h,1001.22hPa,0mm,0mm,7,759.3w/m²
12:49 PM,26.1°C,20.8°C,73%,NNE,17.2km/h,27.7km/h,1000.81hPa,0mm,0mm,4,426.1w/m²
1:04 PM,25.8°C,20.6°C,73%,NNE,14km/h,16.6km/h,1000.34hPa,0mm,0mm,4,488.8w/m²
1:19 PM,25.8°C,20.8°C,74%,NE,14.8km/h,18.3km/h,1000.14hPa,0mm,0mm,3,342w/m²
1:34 PM,25.7°C,20.7°C,74%,NE,14km/h,21.9km/h,999.73hPa,0mm,0mm,3,395w/m²
1:49 PM,25.7°C,20.5°C,73%,NNE,13.7km/h,20.1km/h,999.63hPa,0mm,0mm,3,328.4w/m²
2:04 PM,25.7°C,20.6°C,74%,NE,12.6km/h,18.3km/h,999.63hPa,0mm,0mm,3,377.6w/m²
2:19 PM,26.1°C,20.9°C,73%,NE,10.8km/h,14.8km/h,999.63hPa,0mm,0mm,4,430.9w/m²
2:34 PM,25.9°C,20.9°C,74%,NE,10.1km/h,14.8km/h,999.53hPa,0mm,0mm,3,342w/m²
2:49 PM,25.9°C,20.9°C,74%,NNE,13.4km/h,20.1km/h,999.02hPa,0mm,0mm,2,299.4w/m²
3:04 PM,25.9°C,20.9°C,74%,NE,10.1km/h,14.8km/h,998.61hPa,0mm,0mm,3,365w/m²
3:19 PM,26.1°C,20.9°C,73%,NE,9km/h,11.1km/h,998.04hPa,0mm,0mm,3,372.5w/m²
3:34 PM,26.2°C,20.8°C,72%,NE,8.7km/h,14.8km/h,997.33hPa,0mm,0mm,3,357.3w/m²
3:49 PM,25.8°C,20.6°C,73%,ENE,15.8km/h,25.6km/h,997.53hPa,0mm,0mm,1,146.8w/m²
4:04 PM,25.2°C,20°C,73%,NE,14.8km/h,21.9km/h,997.22hPa,0mm,0mm,1,117.1w/m²
4:19 PM,24.9°C,20°C,74%,E,12.2km/h,16.6km/h,996.82hPa,0mm,0mm,0,90.4w/m²
4:34 PM,24.7°C,19.8°C,74%,ENE,8.2km/h,9.3km/h,996.72hPa,0mm,0mm,0,66.9w/m²
4:49 PM,24.5°C,19.8°C,75%,E,10.1km/h,14.8km/h,996.31hPa,0mm,0mm,0,38.9w/m²
5:04 PM,24.2°C,19.5°C,75%,E,6.4km/h,9.3km/h,996.04hPa,0mm,0mm,0,10.3w/m²
5:19 PM,23.9°C,19.4°C,76%,ESE,5.5km/h,9.3km/h,996.04hPa,0mm,0mm,0,4.3w/m²
5:34 PM,23.7°C,19.4°C,77%,E,10.5km/h,16.6km/h,995.53hPa,0mm,0mm,0,2.7w/m²
5:49 PM,23.4°C,19.5°C,79%,E,6.4km/h,11.1km/h,995.33hPa,0mm,0mm,0,1.9w/m²
6:04 PM,23.1°C,19.3°C,79%,ESE,3.2km/h,3.5km/h,995.53hPa,0mm,0mm,0,1w/m²
6:19 PM,23°C,19.8°C,88%,SSW,18km/h,23.8km/h,997.43hPa,0mm,0mm,0,0.4w/m²
6:34 PM,17.2°C,16.7°C,98%,SSW,16.3km/h,23.8km/h,998.34hPa,0mm,0mm,0,0.2w/m²
6:49 PM,15.4°C,15.2°C,99%,SSW,10.8km/h,25.6km/h,999.02hPa,10.21mm,1.7mm,0,0w/m²
7:04 PM,14.4°C,14.2°C,99%,S,22.4km/h,31.4km/h,998.61hPa,79.2mm,18.8mm,0,0w/m²
7:19 PM,13.9°C,13.7°C,99%,SSW,18km/h,23.8km/h,998.82hPa,18.59mm,22.81mm,0,0w/m²
7:34 PM,13.7°C,13.5°C,99%,S,17.2km/h,23.8km/h,998.82hPa,5.99mm,24.1mm,0,0w/m²
7:48 PM,13.6°C,13.4°C,99%,SSW,16.3km/h,25.6km/h,999.02hPa,5.99mm,25.1mm,0,0w/m²
8:09 PM,13.4°C,13.2°C,99%,S,5.5km/h,9.3km/h,999.22hPa,5.99mm,27.1mm,0,0w/m²
8:19 PM,13.5°C,13.3°C,99%,SSW,9.7km/h,14.8km/h,999.63hPa,7.8mm,31.09mm,0,0w/m²
8:34 PM,13.4°C,13.2°C,99%,SSW,7.2km/h,11.1km/h,1001.12hPa,7.8mm,32.89mm,0,0w/m²
8:49 PM,13.5°C,13.3°C,99%,SSW,10.5km/h,16.6km/h,1001.83hPa,25.81mm,38.2mm,0,0w/m²
9:04 PM,13.1°C,12.9°C,99%,SSW,16.9km/h,25.6km/h,1001.63hPa,16.79mm,41.81mm,0,0w/m²
9:19 PM,12.9°C,12.7°C,99%,SSW,6.4km/h,9.3km/h,1002.91hPa,9.6mm,43.79mm,0,0w/m²
9:34 PM,12.8°C,12.6°C,99%,S,14km/h,20.1km/h,1002.54hPa,10.8mm,46.1mm,0,0w/m²
9:49 PM,12.6°C,12.4°C,99%,S,17.2km/h,23.8km/h,1002.24hPa,8.99mm,48.41mm,0,0w/m²
10:04 PM,12.5°C,12.3°C,99%,S,6.4km/h,9.3km/h,1003.01hPa,9.6mm,50.39mm,0,0w/m²
10:19 PM,12.5°C,12.3°C,99%,SSE,3.2km/h,3.5km/h,1004.23hPa,7.8mm,52.2mm,0,0w/m²
10:34 PM,12.5°C,12.3°C,99%,SE,1.8km/h,1.8km/h,1004.91hPa,8.99mm,54.2mm,0,0w/m²
10:49 PM,12.7°C,12.5°C,99%,SSE,1.8km/h,3.5km/h,1005.42hPa,7.8mm,55.7mm,0,0w/m²
11:04 PM,12.7°C,12.5°C,99%,SSE,3.5km/h,5.5km/h,1005.52hPa,9.6mm,57.81mm,0,0w/m²
11:19 PM,12.7°C,12.5°C,99%,S,2.9km/h,3.5km/h,1005.32hPa,9.6mm,59.79mm,0,0w/m²
11:34 PM,12.5°C,12.3°C,99%,SSE,1.1km/h,1.8km/h,1005.72hPa,7.8mm,61.29mm,0,0w/m²
11:49 PM,12.6°C,12.4°C,99%,NE,4.7km/h,5.5km/h,1005.93hPa,6.6mm,62.89mm,0,0w/m²
12:04 AM,12.6°C,12.4°C,99%,ESE,5.5km/h,7.2km/h,1004.44hPa,4.8mm,0.3mm,0,0w/m²
12:19 AM,12.4°C,12.2°C,99%,ESE,11.6km/h,14.8km/h,1002.13hPa,3mm,0.79mm,0,0w/m²
12:34 AM,12.3°C,12.1°C,99%,E,9km/h,14.8km/h,1000.71hPa,0mm,0.79mm,0,0w/m²
12:49 AM,12.2°C,12°C,99%,E,16.3km/h,29.5km/h,998.82hPa,0mm,0.79mm,0,0w/m²
1:04 AM,12°C,11.8°C,99%,NE,20.1km/h,27.7km/h,995.73hPa,0mm,0.79mm,0,0w/m²
1:19 AM,12°C,11.8°C,99%,SE,4.7km/h,7.2km/h,997.22hPa,0mm,0.79mm,0,0w/m²
1:34 AM,12°C,11.8°C,99%,N,3.5km/h,5.5km/h,998.71hPa,0mm,0.79mm,0,0w/m²
1:49 AM,12°C,11.8°C,99%,SSE,0.3km/h,1.8km/h,999.53hPa,0mm,0.79mm,0,0w/m²
2:04 AM,12°C,11.8°C,99%,SSE,2.1km/h,3.5km/h,999.02hPa,0mm,0.79mm,0,0w/m²
2:19 AM,12°C,11.8°C,99%,SE,1.8km/h,1.8km/h,998.92hPa,0mm,0.79mm,0,0w/m²
2:34 AM,12°C,11.8°C,99%,ENE,5.8km/h,7.2km/h,999.32hPa,0mm,0.79mm,0,0w/m²
2:49 AM,11.9°C,11.7°C,99%,E,5.5km/h,7.2km/h,999.93hPa,0mm,0.79mm,0,0w/m²
3:04 AM,11.8°C,11.6°C,99%,SE,1.1km/h,1.8km/h,1000.14hPa,0mm,0.79mm,0,0w/m²
3:19 AM,11.8°C,11.6°C,99%,S,6.4km/h,9.3km/h,1000.61hPa,0mm,0.79mm,0,0w/m²
3:34 AM,11.7°C,11.5°C,99%,S,4.7km/h,7.2km/h,1001.12hPa,0mm,0.79mm,0,0w/m²
3:49 AM,11.7°C,11.5°C,99%,S,3.5km/h,3.5km/h,1001.02hPa,0mm,0.79mm,0,0w/m²
4:04 AM,11.7°C,11.5°C,99%,SSE,3.5km/h,5.5km/h,1001.42hPa,0mm,0.79mm,0,0w/m²
4:19 AM,11.7°C,11.5°C,99%,S,2.1km/h,3.5km/h,1001.83hPa,0mm,0.79mm,0,0w/m²
4:34 AM,11.6°C,11.4°C,99%,S,3.2km/h,3.5km/h,1001.63hPa,0mm,0.79mm,0,0w/m²
4:49 AM,11.6°C,11.4°C,99%,S,3.2km/h,3.5km/h,1002.13hPa,0mm,0.79mm,0,0w/m²
5:04 AM,11.5°C,11.3°C,99%,S,4.7km/h,5.5km/h,1002.54hPa,0mm,0.79mm,0,0w/m²
5:19 AM,11.5°C,11.3°C,99%,S,7.2km/h,9.3km/h,1002.34hPa,0mm,0.79mm,0,0w/m²
5:34 AM,11.5°C,11.3°C,99%,S,7.2km/h,9.3km/h,1002.64hPa,0mm,0.79mm,0,0w/m²
5:49 AM,11.5°C,11.3°C,99%,S,12.6km/h,18.3km/h,1002.81hPa,0mm,0.79mm,0,0w/m²
6:04 AM,11.5°C,11.3°C,99%,S,9km/h,11.1km/h,1002.91hPa,0mm,0.79mm,0,0.5w/m²
6:19 AM,11.5°C,11.3°C,99%,S,7.6km/h,9.3km/h,1002.71hPa,0mm,0.79mm,0,4.1w/m²
6:34 AM,11.5°C,11.3°C,99%,S,6.1km/h,7.2km/h,1002.71hPa,0mm,0.79mm,0,14.5w/m²
6:49 AM,11.5°C,11.3°C,99%,SSE,5.5km/h,7.2km/h,1002.91hPa,0mm,0.79mm,0,32.8w/m²
7:04 AM,11.6°C,11.4°C,99%,SE,6.4km/h,11.1km/h,1002.91hPa,0mm,0.79mm,0,54.4w/m²
7:19 AM,11.7°C,11.5°C,99%,SSE,7.6km/h,9.3km/h,1003.22hPa,0mm,0.79mm,0,81.2w/m²
7:34 AM,12°C,11.8°C,99%,SE,5.5km/h,7.2km/h,1003.83hPa,0mm,0.79mm,1,122.7w/m²
7:49 AM,12.4°C,12.2°C,99%,SSE,4.7km/h,5.5km/h,1003.83hPa,0mm,0.79mm,1,178.2w/m²
8:04 AM,12.9°C,12.7°C,99%,SSE,5.5km/h,7.2km/h,1003.93hPa,0mm,0.79mm,1,179.6w/m²
8:19 AM,13.1°C,12.9°C,99%,SSE,6.4km/h,9.3km/h,1004.03hPa,0mm,0.79mm,1,198.8w/m²
8:34 AM,13.9°C,13.7°C,99%,SSE,5.5km/h,7.2km/h,1003.83hPa,0mm,0.79mm,2,307.1w/m²
8:49 AM,14.5°C,14.2°C,99%,SSE,7.2km/h,9.3km/h,1004.03hPa,0mm,0.79mm,3,344.2w/m²
9:04 AM,15.4°C,15°C,97%,ESE,4.3km/h,7.2km/h,1004.34hPa,0mm,0.79mm,4,454.7w/m²
9:19 AM,15.8°C,15.1°C,97%,SE,4.7km/h,7.2km/h,1004.34hPa,0mm,0.79mm,4,446.6w/m²
9:34 AM,16.3°C,15.2°C,95%,ENE,6.1km/h,7.2km/h,1004.03hPa,0mm,0.79mm,4,466.2w/m²
9:49 AM,16.5°C,15.2°C,93%,SSE,6.1km/h,7.2km/h,1004.23hPa,0mm,0.79mm,6,632.7w/m²
10:04 AM,17.5°C,15.9°C,91%,SE,7.9km/h,9.3km/h,1004.23hPa,0mm,0.79mm,4,492.2w/m²
10:19 AM,17.1°C,15.5°C,91%,SE,7.6km/h,9.3km/h,1004.54hPa,0mm,0.79mm,4,443.1w/m²
10:34 AM,17.8°C,15.7°C,88%,ESE,2.6km/h,3.5km/h,1004.64hPa,0mm,0.79mm,5,541.2w/m²
10:49 AM,18.5°C,16.4°C,88%,ENE,6.1km/h,7.2km/h,1004.74hPa,0mm,0.79mm,6,647.9w/m²
11:04 AM,18.4°C,16.2°C,88%,NW,7.2km/h,9.3km/h,1004.64hPa,0mm,0.79mm,6,662.6w/m²
11:19 AM,18.7°C,16.4°C,87%,E,5.5km/h,7.2km/h,1004.64hPa,0mm,0.79mm,6,668.8w/m²
11:34 AM,19.6°C,16.8°C,86%,SE,4km/h,5.5km/h,1004.44hPa,0mm,0.79mm,6,715.7w/m²
11:49 AM,19.7°C,16.7°C,83%,SSE,2.9km/h,3.5km/h,1004.13hPa,0mm,0.79mm,6,670.6w/m²
12:04 PM,21°C,17.2°C,80%,E,6.4km/h,9.3km/h,1003.83hPa,0mm,0.79mm,8,862w/m²
12:19 PM,20.8°C,17°C,80%,ESE,6.4km/h,9.3km/h,1003.52hPa,0mm,0.79mm,7,782.4w/m²
12:34 PM,20.8°C,16.8°C,78%,SE,6.1km/h,7.2km/h,1003.93hPa,0mm,0.79mm,7,720.1w/m²
12:49 PM,21.4°C,17.2°C,79%,NE,5.5km/h,5.5km/h,1003.93hPa,0mm,0.79mm,6,707.2w/m²
1:04 PM,20.8°C,17.1°C,80%,SE,7.9km/h,9.3km/h,1003.52hPa,0mm,0.79mm,7,726.4w/m²
1:19 PM,21.3°C,17.3°C,78%,ESE,4.7km/h,5.5km/h,1003.52hPa,0mm,0.79mm,6,698.4w/m²
1:34 PM,22.1°C,17.3°C,74%,SSE,5.8km/h,7.2km/h,1003.62hPa,0mm,0.79mm,7,790.8w/m²
1:49 PM,21.5°C,17°C,76%,S,5km/h,7.2km/h,1003.62hPa,0mm,0.79mm,6,696.6w/m²
2:04 PM,21.6°C,17.1°C,76%,N,6.1km/h,9.3km/h,1003.73hPa,0mm,0.79mm,7,773.3w/m²
2:19 PM,22.5°C,18°C,76%,S,9.7km/h,11.1km/h,1003.42hPa,0mm,0.79mm,7,727.3w/m²
2:34 PM,22.9°C,17.7°C,74%,S,3.5km/h,5.5km/h,1003.52hPa,0mm,0.79mm,6,627.5w/m²
2:49 PM,22.6°C,17.8°C,75%,S,5.5km/h,9.3km/h,1003.62hPa,0mm,0.79mm,6,631.4w/m²
3:04 PM,22.8°C,17.7°C,74%,S,4.3km/h,7.2km/h,1003.42hPa,0mm,0.79mm,5,561w/m²
3:19 PM,22.4°C,16.9°C,72%,S,7.2km/h,9.3km/h,1003.52hPa,0mm,0.79mm,5,595.8w/m²
3:34 PM,22.6°C,17.1°C,71%,S,9.7km/h,13km/h,1003.73hPa,0mm,0.79mm,5,590.8w/m²
3:49 PM,22.5°C,17.4°C,74%,S,8.7km/h,11.1km/h,1003.93hPa,0mm,0.79mm,2,208.3w/m²
4:04 PM,22°C,17.2°C,74%,S,9.3km/h,13km/h,1003.83hPa,0mm,0.79mm,3,404.5w/m²
4:19 PM,22.1°C,17.3°C,75%,SSW,7.6km/h,9.3km/h,1003.93hPa,0mm,0.79mm,2,300.4w/m²
4:34 PM,21.3°C,17.3°C,78%,S,9.7km/h,16.6km/h,1004.34hPa,0mm,0.79mm,2,255.4w/m²
4:49 PM,21.1°C,17.3°C,79%,SSW,12.2km/h,13km/h,1004.23hPa,0mm,0.79mm,2,219.6w/m²
5:04 PM,20.8°C,17.4°C,81%,S,8.2km/h,11.1km/h,1004.44hPa,0mm,0.79mm,1,173.5w/m²
5:19 PM,20.3°C,17.1°C,82%,SSW,7.9km/h,9.3km/h,1004.34hPa,0mm,0.79mm,0,95w/m²
5:34 PM,19.8°C,16.7°C,83%,S,10.5km/h,13km/h,1004.74hPa,0mm,0.79mm,0,84.6w/m²
5:49 PM,19.3°C,16.4°C,83%,S,9km/h,14.8km/h,1004.84hPa,0mm,0.79mm,0,72.4w/m²
6:04 PM,19.1°C,16.2°C,84%,S,10.5km/h,13km/h,1004.84hPa,0mm,0.79mm,0,49.7w/m²
6:19 PM,18.2°C,16.2°C,89%,S,7.2km/h,9.3km/h,1005.11hPa,0mm,0.79mm,0,25.2w/m²
6:34 PM,17.3°C,15.9°C,91%,S,9.7km/h,13km/h,1005.11hPa,0mm,0.79mm,0,10.6w/m²
6:49 PM,16.6°C,15.4°C,93%,S,14.8km/h,18.3km/h,1005.62hPa,0mm,0.79mm,0,1w/m²
7:04 PM,15.9°C,15.1°C,96%,S,12.2km/h,14.8km/h,1005.72hPa,0mm,0.79mm,0,0w/m²
7:19 PM,15.1°C,14.6°C,97%,S,13km/h,14.8km/h,1005.93hPa,0mm,0.79mm,0,0w/m²
7:34 PM,14.6°C,14.2°C,97%,S,12.2km/h,18.3km/h,1006.13hPa,0mm,0.79mm,0,0w/m²
7:49 PM,14.1°C,13.8°C,98%,S,9.3km/h,13km/h,1006.33hPa,0mm,0.79mm,0,0w/m²
8:04 PM,13.7°C,13.5°C,99%,S,11.9km/h,16.6km/h,1006.33hPa,0mm,0.79mm,0,0w/m²
8:19 PM,13.5°C,13.3°C,99%,SSE,7.6km/h,9.3km/h,1006.33hPa,0mm,1.4mm,0,0w/m²
8:34 PM,13.3°C,13.1°C,99%,S,10.5km/h,13km/h,1006.03hPa,0mm,1.4mm,0,0w/m²
8:49 PM,13.2°C,13°C,99%,SSE,15.4km/h,23.8km/h,1006.13hPa,0mm,1.4mm,0,0w/m²
9:04 PM,13°C,12.8°C,99%,SSE,9.7km/h,13km/h,1006.03hPa,0mm,1.4mm,0,0w/m²
9:19 PM,12.9°C,12.7°C,99%,SE,8.7km/h,11.1km/h,1006.54hPa,0mm,1.4mm,0,0w/m²
9:34 PM,12.7°C,12.5°C,99%,S,10.8km/h,14.8km/h,1006.74hPa,0mm,1.4mm,0,0w/m²
9:49 PM,12.5°C,12.3°C,99%,SSE,5.8km/h,7.2km/h,1007.11hPa,0mm,1.4mm,0,0w/m²
10:04 PM,12.4°C,12.2°C,99%,SSE,9.7km/h,13km/h,1007.11hPa,0mm,1.4mm,0,0w/m²
10:19 PM,12.3°C,12.1°C,99%,SSE,11.1km/h,16.6km/h,1007.11hPa,0mm,1.4mm,0,0w/m²
10:34 PM,12.2°C,12°C,99%,SSE,7.9km/h,13km/h,1007.11hPa,0mm,1.4mm,0,0w/m²
10:49 PM,12.1°C,11.9°C,99%,SE,8.2km/h,11.1km/h,1007.32hPa,0mm,1.4mm,0,0w/m²
11:04 PM,12°C,11.8°C,99%,SSE,4.3km/h,5.5km/h,1007.11hPa,0mm,1.4mm,0,0w/m²
11:19 PM,12°C,11.8°C,99%,SE,3.5km/h,5.5km/h,1007.01hPa,0mm,1.4mm,0,0w/m²
11:34 PM,12°C,11.8°C,99%,SE,8.7km/h,11.1km/h,1007.32hPa,0mm,1.4mm,0,0w/m²
11:49 PM,11.9°C,11.7°C,99%,SE,2.9km/h,3.5km/h,1007.62hPa,0mm,1.4mm,0,0w/m²
12:04 AM,11.7°C,11.5°C,99%,SE,4km/h,5.5km/h,1007.82hPa,0mm,0mm,0,0w/m²
12:19 AM,11.8°C,11.6°C,99%,SE,5.8km/h,9.3km/h,1007.42hPa,0mm,0mm,0,0w/m²
12:34 AM,11.6°C,11.4°C,99%,SSE,9.3km/h,13km/h,1007.21hPa,0mm,0mm,0,0w/m²
12:49 AM,11.7°C,11.5°C,99%,SSE,8.7km/h,11.1km/h,1006.94hPa,0mm,0mm,0,0w/m²
1:04 AM,11.8°C,11.6°C,99%,SE,11.6km/h,14.8km/h,1006.74hPa,0mm,0mm,0,0w/m²
1:19 AM,11.9°C,11.7°C,99%,SSE,11.1km/h,18.3km/h,1006.03hPa,0mm,0mm,0,0w/m²
1:34 AM,12°C,11.8°C,99%,SSE,10.1km/h,13km/h,1006.13hPa,0mm,0mm,0,0w/m²
1:49 AM,12°C,11.8°C,99%,SSE,7.2km/h,9.3km/h,1006.23hPa,0mm,0mm,0,0w/m²
2:04 AM,11.9°C,11.7°C,99%,SE,8.7km/h,11.1km/h,1006.13hPa,0mm,0mm,0,0w/m²
2:19 AM,11.9°C,11.7°C,99%,SSE,9.7km/h,13km/h,1005.62hPa,0mm,0mm,0,0w/m²
2:34 AM,12°C,11.8°C,99%,SE,7.6km/h,9.3km/h,1005.52hPa,0mm,0mm,0,0w/m²
2:49 AM,12.2°C,12°C,99%,SE,7.2km/h,9.3km/h,1005.42hPa,0mm,0mm,0,0w/m²
3:04 AM,12.3°C,12.1°C,99%,SSE,10.5km/h,14.8km/h,1005.32hPa,0mm,0mm,0,0w/m²
3:19 AM,12.2°C,12°C,99%,ESE,5.8km/h,9.3km/h,1005.42hPa,0mm,0mm,0,0w/m²
3:34 AM,12.2°C,12°C,99%,SE,4.7km/h,7.2km/h,1005.83hPa,0mm,0mm,0,0w/m²
3:49 AM,12.6°C,12.4°C,99%,SE,7.2km/h,11.1km/h,1005.72hPa,0mm,0mm,0,0w/m²
4:04 AM,12.7°C,12.5°C,99%,SE,7.9km/h,9.3km/h,1006.23hPa,0mm,0mm,0,0w/m²
4:19 AM,12.9°C,12.7°C,99%,SSE,12.6km/h,20.1km/h,1005.83hPa,0mm,0mm,0,0w/m²
4:34 AM,13°C,12.8°C,99%,SSE,12.6km/h,20.1km/h,1005.93hPa,0mm,0mm,0,0w/m²
4:49 AM,13.1°C,12.9°C,99%,SE,8.7km/h,11.1km/h,1006.03hPa,0mm,0mm,0,0w/m²
5:04 AM,13.2°C,13°C,99%,SSE,11.9km/h,14.8km/h,1006.54hPa,0mm,0mm,0,0w/m²
5:19 AM,13.2°C,13°C,99%,SE,4.7km/h,7.2km/h,1006.84hPa,0mm,0mm,0,0w/m²
5:34 AM,13°C,12.8°C,99%,SE,5.5km/h,7.2km/h,1006.94hPa,0mm,0mm,0,0w/m²
5:49 AM,12.9°C,12.7°C,99%,SSE,9.3km/h,14.8km/h,1006.94hPa,0mm,0mm,0,0w/m²
6:04 AM,12.3°C,12.1°C,99%,SSE,8.7km/h,13km/h,1007.21hPa,0mm,0mm,0,1w/m²
6:19 AM,11.9°C,11.7°C,99%,SSE,6.9km/h,9.3km/h,1007.42hPa,0mm,0mm,0,7.3w/m²
6:34 AM,11.8°C,11.6°C,99%,SSE,6.9km/h,9.3km/h,1007.52hPa,0mm,0mm,0,24.1w/m²
6:49 AM,12°C,11.8°C,99%,SSE,7.9km/h,13km/h,1007.42hPa,0mm,0mm,0,48.3w/m²
7:04 AM,12.2°C,12°C,99%,SSE,8.7km/h,13km/h,1007.52hPa,0mm,0mm,0,69.4w/m²
7:19 AM,12.5°C,12.3°C,99%,ESE,12.2km/h,16.6km/h,1007.32hPa,0mm,0mm,0,97.4w/m²
7:34 AM,12.9°C,12.5°C,97%,SE,14km/h,20.1km/h,1007.62hPa,0mm,0mm,1,128.5w/m²
7:49 AM,13.1°C,12.5°C,96%,SE,13km/h,16.6km/h,1007.52hPa,0mm,0mm,1,133.5w/m²
8:04 AM,13.4°C,12.6°C,95%,SE,13.7km/h,20.1km/h,1007.82hPa,0mm,0mm,1,161.3w/m²
8:19 AM,13.9°C,12.8°C,94%,SSE,13.4km/h,20.1km/h,1008.03hPa,0mm,0mm,2,226.9w/m²
8:34 AM,14.4°C,13.2°C,92%,ESE,9.7km/h,18.3km/h,1008.03hPa,0mm,0mm,2,270.3w/m²
8:49 AM,14.7°C,13.2°C,91%,SE,9.7km/h,16.6km/h,1007.92hPa,0mm,0mm,3,312.4w/m²
9:04 AM,15°C,13.3°C,90%,SE,16.3km/h,31.4km/h,1007.72hPa,0mm,0mm,3,339w/m²
9:19 AM,15.9°C,13.8°C,88%,SE,7.6km/h,11.1km/h,1007.92hPa,0mm,0mm,3,357w/m²
9:34 AM,15.8°C,13.7°C,88%,SE,15.1km/h,20.1km/h,1007.72hPa,0mm,0mm,3,388.2w/m²
9:49 AM,16.7°C,14.2°C,87%,E,6.9km/h,11.1km/h,1007.82hPa,0mm,0mm,4,411.8w/m²
10:04 AM,17°C,14.5°C,86%,ENE,8.2km/h,16.6km/h,1007.52hPa,0mm,0mm,4,431.4w/m²
10:19 AM,17.2°C,14.5°C,84%,ESE,11.1km/h,16.6km/h,1007.72hPa,0mm,0mm,4,443.3w/m²
10:34 AM,17.5°C,14.5°C,83%,SE,12.6km/h,18.3km/h,1008.13hPa,0mm,0mm,4,472.9w/m²
10:49 AM,18.2°C,14.7°C,81%,SE,7.2km/h,13km/h,1008.13hPa,0mm,0mm,4,475.4w/m²
11:04 AM,18.7°C,14.8°C,79%,SE,13.7km/h,16.6km/h,1008.13hPa,0mm,0mm,5,531w/m²
11:19 AM,18.8°C,14.9°C,78%,SSE,11.6km/h,14.8km/h,1008.03hPa,0mm,0mm,5,585.6w/m²
11:34 AM,19.1°C,14.8°C,77%,SE,14km/h,18.3km/h,1007.92hPa,0mm,0mm,6,637.6w/m²
11:49 AM,19.7°C,15.1°C,75%,SE,14.8km/h,18.3km/h,1007.92hPa,0mm,0mm,6,634.8w/m²
12:04 PM,19.7°C,15°C,74%,SE,13.4km/h,16.6km/h,1008.03hPa,0mm,0mm,6,659w/m²
12:19 PM,20.3°C,15.1°C,73%,SSE,10.5km/h,14.8km/h,1008.03hPa,0mm,0mm,6,648.5w/m²
12:34 PM,20.4°C,15.2°C,73%,SSE,14.8km/h,20.1km/h,1008.03hPa,0mm,0mm,5,590.5w/m²
12:49 PM,20.8°C,15.4°C,72%,SE,11.1km/h,14.8km/h,1008.03hPa,0mm,0mm,5,534.5w/m²
1:04 PM,20.8°C,15.5°C,72%,SE,12.2km/h,16.6km/h,1007.62hPa,0mm,0mm,5,588.5w/m²
1:19 PM,21°C,15.6°C,71%,SE,8.7km/h,11.1km/h,1007.52hPa,0mm,0mm,5,543.1w/m²
1:34 PM,21.9°C,16°C,69%,SE,4.7km/h,9.3km/h,1007.52hPa,0mm,0mm,5,513w/m²
1:49 PM,21.6°C,15.8°C,70%,SSE,12.2km/h,18.3km/h,1007.11hPa,0mm,0mm,4,470.3w/m²
2:04 PM,21.6°C,15.9°C,70%,SE,9.7km/h,14.8km/h,1006.84hPa,0mm,0mm,4,452.4w/m²
2:19 PM,21.3°C,15.6°C,70%,SE,11.9km/h,18.3km/h,1006.54hPa,0mm,0mm,4,435.3w/m²
2:34 PM,21.1°C,15.8°C,72%,SE,4km/h,5.5km/h,1006.54hPa,0mm,0mm,1,113.9w/m²
2:49 PM,21°C,15.8°C,72%,SSE,7.2km/h,9.3km/h,1006.54hPa,0mm,0mm,1,155.7w/m²
3:04 PM,20.9°C,15.9°C,74%,SE,7.2km/h,9.3km/h,1006.43hPa,0mm,0mm,0,90.4w/m²
3:19 PM,20.4°C,16.7°C,80%,SE,6.1km/h,9.3km/h,1006.33hPa,0mm,0mm,1,149w/m²
3:34 PM,19.2°C,16.8°C,86%,SE,4.7km/h,5.5km/h,1006.33hPa,0mm,0mm,1,177w/m²
3:49 PM,19.4°C,17°C,86%,SE,7.2km/h,11.1km/h,1006.03hPa,0mm,0mm,1,166.6w/m²
4:04 PM,19.4°C,17°C,86%,SE,9km/h,13km/h,1006.23hPa,0mm,0mm,1,196.6w/m²
4:19 PM,19.5°C,17.3°C,87%,E,8.2km/h,14.8km/h,1006.33hPa,0mm,0mm,1,123.5w/m²
4:34 PM,19.1°C,17.2°C,89%,SE,8.2km/h,13km/h,1006.43hPa,0mm,0mm,0,68.3w/m²
4:49 PM,18.8°C,17.3°C,92%,SE,9.3km/h,11.1km/h,1006.64hPa,0mm,0mm,0,50.9w/m²
5:04 PM,18.4°C,17.2°C,93%,SE,10.5km/h,14.8km/h,1006.64hPa,0mm,0mm,0,45.7w/m²
5:19 PM,18.4°C,17.2°C,93%,SE,8.2km/h,11.1km/h,1006.94hPa,0mm,0mm,0,24.1w/m²
5:34 PM,18.1°C,17.5°C,96%,E,7.9km/h,11.1km/h,1007.32hPa,0mm,0mm,0,10.1w/m²
5:49 PM,17.3°C,17.1°C,99%,SE,4.7km/h,7.2km/h,1007.42hPa,0mm,0mm,0,13.7w/m²
6:04 PM,16.8°C,16.6°C,99%,SSE,9.3km/h,14.8km/h,1007.11hPa,0mm,0mm,0,10.2w/m²
6:19 PM,16.5°C,16.3°C,99%,E,6.9km/h,9.3km/h,1006.84hPa,1.19mm,0.2mm,0,10.3w/m²
6:34 PM,16.3°C,16.1°C,99%,SE,7.6km/h,11.1km/h,1006.94hPa,0mm,0.2mm,0,1.9w/m²
6:49 PM,16.2°C,16°C,99%,SE,6.1km/h,7.2km/h,1006.74hPa,0mm,0.2mm,0,0.2w/m²
7:04 PM,16.2°C,16°C,99%,SSE,14.8km/h,18.3km/h,1006.74hPa,0mm,0.2mm,0,0w/m²
7:19 PM,16.2°C,16°C,99%,SE,10.8km/h,14.8km/h,1006.74hPa,0mm,0.2mm,0,0w/m²
7:34 PM,16.1°C,15.9°C,99%,E,7.2km/h,9.3km/h,1006.94hPa,0mm,0.2mm,0,0w/m²
7:49 PM,16°C,15.8°C,99%,E,8.7km/h,14.8km/h,1006.54hPa,0mm,0.2mm,0,0w/m²
8:04 PM,15.9°C,15.7°C,99%,ESE,9km/h,14.8km/h,1006.23hPa,0mm,0.2mm,0,0w/m²
8:19 PM,15.9°C,15.7°C,99%,ESE,6.4km/h,13km/h,1006.23hPa,0mm,0.2mm,0,0w/m²
8:34 PM,15.8°C,15.6°C,99%,SE,6.4km/h,13km/h,1006.74hPa,0mm,0.2mm,0,0w/m²
8:49 PM,15.6°C,15.4°C,99%,SE,4.7km/h,7.2km/h,1006.94hPa,0mm,0.2mm,0,0w/m²
9:04 PM,15.3°C,15.1°C,99%,E,6.1km/h,7.2km/h,1006.94hPa,0mm,0.2mm,0,0w/m²
9:19 PM,14.9°C,14.7°C,99%,E,6.9km/h,13km/h,1006.74hPa,0mm,0.2mm,0,0w/m²
9:34 PM,14.6°C,14.4°C,99%,SE,7.2km/h,9.3km/h,1006.74hPa,0mm,0.2mm,0,0w/m²
9:49 PM,14.4°C,14.2°C,99%,SE,8.7km/h,11.1km/h,1006.43hPa,0mm,0.2mm,0,0w/m²
10:04 PM,14.2°C,14°C,99%,SE,7.6km/h,11.1km/h,1006.74hPa,0mm,0.2mm,0,0w/m²
10:19 PM,13.9°C,13.7°C,99%,SE,6.1km/h,11.1km/h,1007.01hPa,0mm,0.2mm,0,0w/m²
10:34 PM,13.8°C,13.6°C,99%,SE,9.7km/h,13km/h,1006.84hPa,0mm,0.2mm,0,0w/m²
10:49 PM,13.7°C,13.5°C,99%,SE,6.9km/h,9.3km/h,1006.84hPa,0mm,0.2mm,0,0w/m²
11:04 PM,13.7°C,13.5°C,99%,SSE,11.6km/h,13km/h,1006.74hPa,0mm,0.2mm,0,0w/m²
11:19 PM,13.6°C,13.4°C,99%,SSE,5.8km/h,7.2km/h,1006.54hPa,0mm,0.2mm,0,0w/m²
11:34 PM,13.5°C,13.3°C,99%,SE,5.5km/h,7.2km/h,1006.54hPa,0mm,0.2mm,0,0w/m²
11:49 PM,13.4°C,13.2°C,99%,SE,5.5km/h,7.2km/h,1006.84hPa,0mm,0.2mm,0,0w/m²
12:04 AM,13.3°C,13.1°C,99%,SSE,4.7km/h,7.2km/h,1006.84hPa,0mm,0mm,0,0w/m²
12:19 AM,13.3°C,13.1°C,99%,SSE,8.7km/h,13km/h,1006.64hPa,0mm,0mm,0,0w/m²
12:34 AM,13.2°C,13°C,99%,SSE,6.4km/h,7.2km/h,1006.84hPa,0mm,0mm,0,0w/m²
12:49 AM,13.1°C,12.9°C,99%,SSE,7.2km/h,7.2km/h,1006.74hPa,0mm,0mm,0,0w/m²
1:04 AM,13.1°C,12.9°C,99%,SE,4.7km/h,5.5km/h,1006.74hPa,0mm,0mm,0,0w/m²
1:19 AM,13.1°C,12.9°C,99%,SSE,7.9km/h,9.3km/h,1006.64hPa,0mm,0mm,0,0w/m²
1:34 AM,13.1°C,12.9°C,99%,SSE,8.7km/h,11.1km/h,1006.33hPa,0mm,0mm,0,0w/m²
1:49 AM,13°C,12.8°C,99%,SE,6.4km/h,7.2km/h,1006.23hPa,0mm,0mm,0,0w/m²
2:04 AM,13.1°C,12.9°C,99%,SE,4.3km/h,7.2km/h,1005.72hPa,0mm,0mm,0,0w/m²
2:19 AM,13.2°C,13°C,99%,SE,4.7km/h,7.2km/h,1005.83hPa,0mm,0mm,0,0w/m²
2:34 AM,13.4°C,13.2°C,99%,SE,5.5km/h,9.3km/h,1005.62hPa,0mm,0mm,0,0w/m²
2:49 AM,13.4°C,13.2°C,99%,SSE,5.5km/h,7.2km/h,1005.62hPa,0mm,0mm,0,0w/m²
3:04 AM,13.4°C,13.2°C,99%,SSE,4.7km/h,7.2km/h,1005.62hPa,0mm,0mm,0,0w/m²
3:19 AM,13.5°C,13.3°C,99%,SE,4km/h,5.5km/h,1005.72hPa,0mm,0mm,0,0w/m²
3:34 AM,13.6°C,13.4°C,99%,SE,4km/h,5.5km/h,1005.83hPa,0mm,0mm,0,0w/m²
3:49 AM,13.6°C,13.4°C,99%,SE,4km/h,5.5km/h,1005.93hPa,0mm,0mm,0,0w/m²
4:04 AM,13.7°C,13.5°C,99%,SE,4.7km/h,5.5km/h,1006.03hPa,0mm,0mm,0,0w/m²
4:19 AM,13.8°C,13.6°C,99%,SE,2.1km/h,3.5km/h,1006.23hPa,0mm,0mm,0,0w/m²
4:34 AM,13.9°C,13.7°C,99%,SSE,2.9km/h,3.5km/h,1006.54hPa,0mm,0mm,0,0w/m²
4:49 AM,13.9°C,13.7°C,99%,SSE,3.2km/h,3.5km/h,1006.54hPa,0mm,0mm,0,0w/m²
5:04 AM,13.8°C,13.6°C,99%,SE,6.1km/h,7.2km/h,1006.54hPa,0mm,0mm,0,0w/m²
5:19 AM,13.8°C,13.6°C,99%,SE,3.5km/h,3.5km/h,1006.54hPa,0mm,0mm,0,0w/m²
5:34 AM,13.8°C,13.6°C,99%,SE,4.3km/h,5.5km/h,1006.74hPa,0mm,0mm,0,0w/m²
5:49 AM,13.8°C,13.6°C,99%,SE,4km/h,5.5km/h,1006.84hPa,0mm,0mm,0,0w/m²
6:04 AM,13.8°C,13.6°C,99%,SE,2.9km/h,3.5km/h,1007.21hPa,0mm,0mm,0,1.1w/m²
6:19 AM,13.9°C,13.7°C,99%,SSE,1.8km/h,1.8km/h,1007.52hPa,0mm,0mm,0,7.5w/m²
6:34 AM,14°C,13.8°C,99%,SE,3.5km/h,3.5km/h,1007.72hPa,0mm,0mm,0,21.8w/m²
6:49 AM,14.2°C,14°C,99%,SE,0km/h,--,1008.03hPa,0mm,0mm,0,36.4w/m²
7:04 AM,14.5°C,14.3°C,99%,SE,1.1km/h,1.8km/h,1007.92hPa,0mm,0mm,0,52.3w/m²
7:19 AM,14.9°C,14.7°C,99%,SE,2.1km/h,3.5km/h,1008.13hPa,0mm,0mm,1,105.3w/m²
7:34 AM,15.6°C,15.4°C,99%,ESE,3.2km/h,3.5km/h,1008.23hPa,0mm,0mm,1,124.9w/m²
7:49 AM,15.6°C,15.4°C,99%,SE,3.5km/h,5.5km/h,1008.43hPa,0mm,0mm,1,111.7w/m²
8:04 AM,16°C,15.8°C,99%,ESE,4km/h,5.5km/h,1008.43hPa,0mm,0mm,1,149w/m²
8:19 AM,16.2°C,16°C,99%,ESE,4.7km/h,7.2km/h,1008.23hPa,0mm,0mm,1,170w/m²
8:34 AM,16.4°C,16.2°C,99%,ESE,4.7km/h,5.5km/h,1008.33hPa,0mm,0mm,1,172.9w/m²
8:49 AM,16.6°C,16.4°C,99%,ESE,3.2km/h,3.5km/h,1008.43hPa,0mm,0mm,1,150.3w/m²
9:04 AM,16.9°C,16.7°C,99%,E,3.5km/h,5.5km/h,1008.43hPa,0mm,0mm,1,197w/m²
9:19 AM,17.5°C,17.3°C,99%,ESE,3.5km/h,5.5km/h,1008.53hPa,0mm,0mm,2,258.6w/m²
9:34 AM,18.2°C,17.9°C,98%,ESE,3.5km/h,3.5km/h,1008.23hPa,0mm,0mm,2,279.5w/m²
9:49 AM,18.8°C,18.3°C,97%,ESE,4km/h,5.5km/h,1008.33hPa,0mm,0mm,2,250.1w/m²
10:04 AM,19.5°C,18.5°C,96%,ESE,3.5km/h,5.5km/h,1008.33hPa,0mm,0mm,3,335.6w/m²
10:19 AM,19.9°C,18.7°C,94%,ESE,3.5km/h,3.5km/h,1008.23hPa,0mm,0mm,4,443.6w/m²
10:34 AM,21.1°C,19.2°C,90%,E,6.9km/h,7.2km/h,1008.03hPa,0mm,0mm,6,617.7w/m²
10:49 AM,21.4°C,19.4°C,89%,SE,6.1km/h,7.2km/h,1007.82hPa,0mm,0mm,6,627.2w/m²
11:04 AM,21.8°C,19.6°C,87%,E,5.5km/h,7.2km/h,1007.82hPa,0mm,0mm,6,659.5w/m²
11:19 AM,22.1°C,19.6°C,87%,SE,2.1km/h,3.5km/h,1007.42hPa,0mm,0mm,8,846.1w/m²
11:34 AM,21.6°C,19.3°C,87%,NE,4.7km/h,5.5km/h,1007.52hPa,0mm,0mm,4,419.9w/m²
11:49 AM,21.5°C,19.4°C,88%,E,6.4km/h,7.2km/h,1007.52hPa,0mm,0mm,2,255.8w/m²
12:04 PM,21.4°C,19.2°C,88%,ENE,9.3km/h,11.1km/h,1007.21hPa,0mm,0mm,2,272.1w/m²
12:19 PM,21.2°C,19.1°C,88%,ESE,7.9km/h,11.1km/h,1007.11hPa,0mm,0mm,2,244.8w/m²
12:34 PM,21.8°C,19.6°C,88%,ESE,4km/h,5.5km/h,1007.01hPa,0mm,0mm,6,702.7w/m²
12:49 PM,21.9°C,19.3°C,85%,SE,3.5km/h,5.5km/h,1006.94hPa,0mm,0mm,2,273.9w/m²
1:04 PM,21.5°C,19.3°C,87%,ESE,4.7km/h,7.2km/h,1006.84hPa,0mm,0mm,1,178.1w/m²
1:19 PM,21°C,19.3°C,91%,E,5.5km/h,9.3km/h,1006.74hPa,0mm,0mm,1,199.6w/m²
1:34 PM,21.7°C,19.6°C,88%,ESE,4km/h,7.2km/h,1006.64hPa,0mm,0mm,4,447.9w/m²
1:49 PM,22.5°C,19.9°C,85%,ESE,7.6km/h,9.3km/h,1006.33hPa,0mm,0mm,7,731.5w/m²
2:04 PM,22.2°C,19.8°C,86%,E,5.5km/h,7.2km/h,1006.23hPa,0mm,0mm,2,245.1w/m²
2:19 PM,22.7°C,20.1°C,86%,SE,10.5km/h,14.8km/h,1006.23hPa,0mm,0mm,5,607.6w/m²
2:34 PM,22.6°C,20.1°C,86%,ESE,7.2km/h,9.3km/h,1005.83hPa,0mm,0mm,6,616.4w/m²
2:49 PM,22.8°C,20.2°C,85%,E,5.8km/h,7.2km/h,1005.72hPa,0mm,0mm,2,296.7w/m²
3:04 PM,22.1°C,19.8°C,87%,E,6.9km/h,9.3km/h,1005.62hPa,0mm,0mm,2,224.2w/m²
3:19 PM,20.8°C,19.6°C,93%,ENE,8.2km/h,11.1km/h,1005.62hPa,0mm,0mm,2,211.3w/m²
3:34 PM,20.2°C,19.7°C,97%,E,5.8km/h,7.2km/h,1005.42hPa,0mm,0mm,2,286.9w/m²
3:49 PM,20.5°C,19.9°C,96%,ESE,2.1km/h,3.5km/h,1005.42hPa,0mm,0mm,2,274.7w/m²
4:04 PM,21.4°C,20.3°C,94%,SSE,4km/h,5.5km/h,1005.32hPa,0mm,0mm,4,496.7w/m²
4:19 PM,23.3°C,21°C,88%,S,2.1km/h,3.5km/h,1004.91hPa,0mm,0mm,4,471.1w/m²
4:34 PM,22.6°C,20.4°C,89%,ESE,4km/h,5.5km/h,1005.11hPa,0mm,0mm,1,156.6w/m²
4:49 PM,19.3°C,19.1°C,99%,SE,4.7km/h,7.2km/h,1005.32hPa,24.61mm,4.09mm,0,59.1w/m²
5:04 PM,18.8°C,18.6°C,99%,ESE,3.5km/h,5.5km/h,1005.32hPa,0mm,4.09mm,0,96.8w/m²
5:19 PM,18.5°C,18.3°C,99%,ESE,4km/h,5.5km/h,1005.22hPa,0mm,4.09mm,1,107.2w/m²
5:34 PM,18.3°C,18.1°C,99%,ESE,4.7km/h,5.5km/h,1005.32hPa,0mm,4.09mm,1,103.1w/m²
5:49 PM,18.2°C,18°C,99%,ESE,4km/h,7.2km/h,1005.52hPa,0mm,4.09mm,0,61.9w/m²
6:04 PM,18.4°C,18.2°C,99%,ESE,2.1km/h,3.5km/h,1005.42hPa,0mm,4.09mm,0,46.9w/m²
6:19 PM,18.3°C,18.1°C,99%,SE,1.4km/h,3.5km/h,1005.42hPa,0mm,4.09mm,0,29.3w/m²
6:34 PM,18.4°C,18.2°C,99%,SSE,3.5km/h,5.5km/h,1005.83hPa,0mm,4.09mm,0,10.1w/m²
6:49 PM,18.5°C,18.3°C,99%,SE,2.1km/h,3.5km/h,1005.93hPa,0mm,4.09mm,0,1.3w/m²
7:04 PM,18.4°C,18.2°C,99%,SE,1.4km/h,1.8km/h,1005.83hPa,0mm,4.09mm,0,0w/m²
7:19 PM,18.4°C,18.2°C,99%,SE,0.3km/h,1.8km/h,1005.93hPa,0mm,4.09mm,0,0w/m²
7:34 PM,18.2°C,18°C,99%,SE,1.8km/h,1.8km/h,1006.03hPa,0mm,4.09mm,0,0w/m²
7:49 PM,18.1°C,17.9°C,99%,SE,2.6km/h,3.5km/h,1005.83hPa,0mm,4.09mm,0,0w/m²
8:04 PM,18.2°C,18°C,99%,SE,1.4km/h,1.8km/h,1006.03hPa,0mm,4.09mm,0,0w/m²
8:19 PM,18.1°C,17.9°C,99%,SE,2.1km/h,3.5km/h,1005.93hPa,0mm,4.09mm,0,0w/m²
8:34 PM,18.3°C,18.1°C,99%,SE,2.9km/h,3.5km/h,1006.03hPa,0mm,4.09mm,0,0w/m²
8:49 PM,18.4°C,18.2°C,99%,SE,2.6km/h,3.5km/h,1006.13hPa,0mm,4.09mm,0,0w/m²
9:04 PM,18.5°C,18.3°C,99%,ESE,4km/h,5.5km/h,1006.13hPa,0mm,4.09mm,0,0w/m²
9:19 PM,18.5°C,18.3°C,99%,SE,2.9km/h,5.5km/h,1006.33hPa,0mm,4.09mm,0,0w/m²
9:34 PM,18.5°C,18.3°C,99%,ESE,3.5km/h,5.5km/h,1006.43hPa,0mm,4.09mm,0,0w/m²
9:49 PM,18.4°C,18.2°C,99%,ESE,4.7km/h,5.5km/h,1006.43hPa,0mm,4.09mm,0,0w/m²
10:04 PM,18.3°C,18.1°C,99%,ESE,7.6km/h,9.3km/h,1006.33hPa,0mm,4.09mm,0,0w/m²
10:19 PM,18.2°C,17.9°C,98%,E,9.7km/h,13km/h,1006.23hPa,0mm,4.09mm,0,0w/m²
10:34 PM,18°C,17.8°C,99%,ESE,6.4km/h,9.3km/h,1006.13hPa,0mm,4.09mm,0,0w/m²
10:49 PM,17.9°C,17.7°C,99%,E,7.6km/h,11.1km/h,1006.13hPa,0mm,4.09mm,0,0w/m²
11:04 PM,17.7°C,17.5°C,99%,ESE,5km/h,9.3km/h,1006.23hPa,0mm,4.09mm,0,0w/m²
11:19 PM,17.5°C,17.3°C,99%,ESE,7.2km/h,11.1km/h,1006.13hPa,0mm,4.09mm,0,0w/m²
11:34 PM,17.4°C,17.2°C,99%,ESE,6.1km/h,9.3km/h,1006.23hPa,0mm,4.09mm,0,0w/m²
11:49 PM,17.2°C,17°C,99%,ESE,5.8km/h,9.3km/h,1005.83hPa,0mm,4.09mm,0,0w/m²
12:04 AM,17.1°C,16.9°C,99%,E,8.2km/h,14.8km/h,1006.03hPa,0mm,0mm,0,0w/m²
12:19 AM,17°C,16.8°C,99%,ESE,6.4km/h,9.3km/h,1005.72hPa,0mm,0mm,0,0w/m²
12:34 AM,16.8°C,16.6°C,99%,ESE,7.6km/h,11.1km/h,1005.72hPa,0mm,0mm,0,0w/m²
12:49 AM,16.7°C,16.5°C,99%,ESE,5.5km/h,9.3km/h,1005.62hPa,0mm,0mm,0,0w/m²
1:04 AM,16.6°C,16.4°C,99%,E,9km/h,14.8km/h,1005.42hPa,0mm,0mm,0,0w/m²
1:19 AM,16.5°C,16.3°C,99%,E,8.2km/h,13km/h,1005.42hPa,0mm,0mm,0,0w/m²
1:34 AM,16.4°C,16.2°C,99%,E,8.7km/h,9.3km/h,1005.22hPa,0mm,0mm,0,0w/m²
1:49 AM,16.4°C,16.2°C,99%,E,7.9km/h,14.8km/h,1005.01hPa,0mm,0mm,0,0w/m²
2:04 AM,16.4°C,16.2°C,99%,E,10.1km/h,14.8km/h,1004.84hPa,0mm,0mm,0,0w/m²
2:19 AM,16.3°C,16.1°C,99%,E,8.7km/h,13km/h,1004.64hPa,0mm,0mm,0,0w/m²
2:34 AM,16.1°C,15.9°C,99%,E,6.9km/h,11.1km/h,1004.23hPa,0mm,0mm,0,0w/m²
2:49 AM,16°C,15.8°C,99%,E,6.4km/h,9.3km/h,1004.13hPa,0mm,0mm,0,0w/m²
3:04 AM,16°C,15.8°C,99%,E,4.7km/h,7.2km/h,1003.93hPa,0mm,0mm,0,0w/m²
3:19 AM,15.8°C,15.6°C,99%,ESE,3.5km/h,5.5km/h,1004.03hPa,0mm,0mm,0,0w/m²
3:34 AM,15.7°C,15.5°C,99%,E,4.7km/h,7.2km/h,1004.13hPa,0mm,0mm,0,0w/m²
3:49 AM,15.6°C,15.4°C,99%,ESE,4.7km/h,7.2km/h,1004.34hPa,0mm,0mm,0,0w/m²
4:04 AM,15.5°C,15.3°C,99%,ESE,4.7km/h,5.5km/h,1004.34hPa,0mm,0mm,0,0w/m²
4:19 AM,15.5°C,15.3°C,99%,ESE,3.2km/h,5.5km/h,1004.44hPa,0mm,0mm,0,0w/m²
4:34 AM,15.4°C,15.2°C,99%,ESE,4km/h,9.3km/h,1004.64hPa,0mm,0mm,0,0w/m²
4:49 AM,15.5°C,15.3°C,99%,ESE,6.4km/h,7.2km/h,1004.74hPa,0mm,0mm,0,0w/m²
5:04 AM,15.7°C,15.5°C,99%,ESE,4.7km/h,7.2km/h,1005.01hPa,0mm,0mm,0,0w/m²
5:19 AM,15.6°C,15.4°C,99%,ESE,7.9km/h,13km/h,1004.91hPa,0mm,0mm,0,0w/m²
5:34 AM,15.6°C,15.4°C,99%,ESE,6.1km/h,7.2km/h,1005.01hPa,0mm,0mm,0,0w/m²
5:49 AM,15.5°C,15.3°C,99%,E,5km/h,7.2km/h,1005.42hPa,0mm,0mm,0,0.1w/m²
6:04 AM,15.6°C,15.4°C,99%,ESE,5.5km/h,7.2km/h,1005.83hPa,0mm,0mm,0,2.6w/m²
6:19 AM,15.6°C,15.4°C,99%,SE,3.5km/h,5.5km/h,1005.93hPa,0mm,0mm,0,11.8w/m²
6:34 AM,15.6°C,15.4°C,99%,ESE,4.7km/h,7.2km/h,1006.13hPa,0mm,0mm,0,21.3w/m²
6:49 AM,15.8°C,15.5°C,98%,ESE,4km/h,5.5km/h,1006.54hPa,0mm,0mm,0,29.5w/m²
7:04 AM,16.2°C,15.8°C,97%,ESE,6.4km/h,9.3km/h,1006.54hPa,0mm,0mm,0,34.8w/m²
7:19 AM,16.5°C,15.9°C,96%,E,7.2km/h,11.1km/h,1006.54hPa,0mm,0mm,0,59.3w/m²
7:34 AM,17.4°C,16.2°C,94%,E,7.6km/h,11.1km/h,1006.84hPa,0mm,0mm,1,167w/m²
7:49 AM,18.1°C,16.6°C,91%,ESE,7.9km/h,11.1km/h,1007.11hPa,0mm,0mm,2,223.8w/m²
8:04 AM,18.9°C,17.1°C,90%,E,7.2km/h,9.3km/h,1007.42hPa,0mm,0mm,2,281w/m²
8:19 AM,19.1°C,17.2°C,90%,E,7.9km/h,11.1km/h,1007.52hPa,0mm,0mm,3,344.5w/m²
8:34 AM,19.3°C,17.4°C,89%,ENE,9km/h,13km/h,1007.42hPa,0mm,0mm,4,441.2w/m²
8:49 AM,20.2°C,18°C,90%,E,3.5km/h,5.5km/h,1007.62hPa,0mm,0mm,5,559.1w/m²
9:04 AM,20.3°C,18.2°C,88%,E,8.7km/h,13km/h,1007.52hPa,0mm,0mm,5,517.8w/m²
9:19 AM,21.5°C,19°C,86%,E,10.8km/h,13km/h,1007.52hPa,0mm,0mm,5,584w/m²
9:34 AM,21.8°C,19.3°C,86%,NE,7.9km/h,11.1km/h,1007.52hPa,0mm,0mm,6,651.7w/m²
9:49 AM,22.7°C,19.9°C,85%,ENE,6.1km/h,9.3km/h,1007.52hPa,0mm,0mm,7,766w/m²
10:04 AM,22.9°C,20.3°C,85%,NNE,11.6km/h,16.6km/h,1007.32hPa,0mm,0mm,7,734.7w/m²
10:19 AM,23.5°C,20.5°C,84%,NNE,10.5km/h,14.8km/h,1006.94hPa,0mm,0mm,9,1017.2w/m²
10:34 AM,23.4°C,20.5°C,85%,NNE,10.1km/h,11.1km/h,1007.11hPa,0mm,0mm,8,891.7w/m²
10:49 AM,24°C,20.7°C,83%,ENE,5.5km/h,7.2km/h,1006.84hPa,0mm,0mm,11,1168.9w/m²
11:04 AM,24.3°C,20.8°C,83%,NE,7.2km/h,9.3km/h,1006.74hPa,0mm,0mm,8,904.5w/m²
11:19 AM,24.9°C,21.2°C,81%,NE,5.5km/h,9.3km/h,1006.54hPa,0mm,0mm,10,1125.8w/m²
11:34 AM,24.5°C,21.1°C,82%,NNE,6.9km/h,9.3km/h,1006.74hPa,0mm,0mm,10,1051.8w/m²
11:49 AM,25.1°C,21.2°C,80%,NNE,9.3km/h,13km/h,1006.43hPa,0mm,0mm,12,1245.8w/m²
12:04 PM,25.1°C,21.2°C,79%,E,5.5km/h,7.2km/h,1006.23hPa,0mm,0mm,4,455.2w/m²
12:19 PM,25.5°C,21.3°C,79%,E,6.9km/h,7.2km/h,1006.23hPa,0mm,0mm,2,271w/m²
12:34 PM,25.5°C,21.2°C,79%,ESE,5km/h,5.5km/h,1005.93hPa,0mm,0mm,11,1211.4w/m²
12:49 PM,24.8°C,20.9°C,80%,ENE,4km/h,5.5km/h,1005.62hPa,0mm,0mm,8,853.2w/m²
1:04 PM,25.6°C,21.3°C,77%,ENE,5.5km/h,7.2km/h,1005.32hPa,0mm,0mm,11,1153.4w/m²
1:19 PM,25.9°C,21.5°C,77%,NE,9.3km/h,14.8km/h,1005.11hPa,0mm,0mm,5,514.3w/m²
1:34 PM,25.8°C,21.5°C,78%,ENE,9km/h,9.3km/h,1004.91hPa,0mm,0mm,7,741.9w/m²
1:49 PM,26.5°C,21.7°C,76%,E,7.9km/h,13km/h,1004.34hPa,0mm,0mm,9,958.6w/m²
2:04 PM,26.6°C,21.3°C,73%,NE,7.6km/h,11.1km/h,1004.34hPa,0mm,0mm,10,1070.5w/m²
2:19 PM,26.9°C,21.6°C,74%,NE,7.9km/h,9.3km/h,1004.13hPa,0mm,0mm,3,343.8w/m²
2:34 PM,26.8°C,21.3°C,73%,ENE,7.6km/h,13km/h,1003.83hPa,0mm,0mm,7,762.6w/m²
2:49 PM,27.2°C,21.7°C,72%,E,7.2km/h,13km/h,1003.83hPa,0mm,0mm,9,948.6w/m²
3:04 PM,27.1°C,21.8°C,73%,ESE,7.9km/h,9.3km/h,1003.42hPa,0mm,0mm,7,756.6w/m²
3:19 PM,26.4°C,21.1°C,73%,NE,8.2km/h,11.1km/h,1003.32hPa,0mm,0mm,5,605.2w/m²
3:34 PM,26.8°C,21.2°C,72%,NE,9.3km/h,14.8km/h,1003.32hPa,0mm,0mm,4,497.8w/m²
3:49 PM,26.7°C,21.2°C,72%,ENE,5.5km/h,7.2km/h,1003.42hPa,0mm,0mm,2,244.3w/m²
4:04 PM,27.8°C,21.5°C,70%,E,4.7km/h,9.3km/h,1003.12hPa,0mm,0mm,5,558.4w/m²
4:19 PM,26.8°C,21.1°C,71%,E,5km/h,9.3km/h,1002.81hPa,0mm,0mm,2,275.5w/m²
4:34 PM,27.1°C,21.4°C,71%,E,6.1km/h,7.2km/h,1002.64hPa,0mm,0mm,3,403.5w/m²
4:49 PM,27.1°C,21.2°C,70%,E,9.3km/h,13km/h,1002.71hPa,0mm,0mm,2,288.2w/m²
5:04 PM,26.4°C,20.9°C,72%,E,7.2km/h,11.1km/h,1002.64hPa,0mm,0mm,1,158.5w/m²
5:19 PM,26.5°C,21°C,72%,ENE,7.9km/h,11.1km/h,1002.71hPa,0mm,0mm,1,183w/m²
5:34 PM,26°C,21°C,74%,E,6.4km/h,11.1km/h,1002.81hPa,0mm,0mm,0,60.3w/m²
5:49 PM,25.6°C,21°C,76%,E,7.9km/h,13km/h,1002.91hPa,0mm,0mm,0,31.9w/m²
6:04 PM,25.2°C,20.9°C,77%,ESE,4km/h,5.5km/h,1003.22hPa,0mm,0mm,0,48.6w/m²
6:19 PM,25.1°C,21°C,78%,ESE,5.5km/h,7.2km/h,1003.22hPa,0mm,0mm,0,35.9w/m²
6:34 PM,24.6°C,20.7°C,79%,ESE,6.4km/h,9.3km/h,1002.91hPa,0mm,0mm,0,10.7w/m²
6:49 PM,24.3°C,20.6°C,80%,ESE,7.2km/h,11.1km/h,1003.01hPa,0mm,0mm,0,1.3w/m²
7:04 PM,24°C,20.5°C,81%,ESE,6.1km/h,9.3km/h,1002.91hPa,0mm,0mm,0,0w/m²
7:19 PM,23.7°C,20.3°C,82%,ESE,7.9km/h,13km/h,1002.91hPa,0mm,0mm,0,0w/m²
7:34 PM,23.5°C,20.2°C,82%,E,8.2km/h,13km/h,1003.01hPa,0mm,0mm,0,0w/m²
7:49 PM,23.2°C,20.4°C,84%,ESE,4km/h,7.2km/h,1003.32hPa,0mm,0mm,0,0w/m²
8:04 PM,22.6°C,20.2°C,86%,ESE,4km/h,7.2km/h,1003.52hPa,0mm,0mm,0,0w/m²
8:19 PM,22.3°C,20°C,87%,ESE,6.1km/h,11.1km/h,1003.32hPa,0mm,0mm,0,0w/m²
8:34 PM,22.3°C,19.9°C,86%,ESE,6.4km/h,13km/h,1003.52hPa,0mm,0mm,0,0w/m²
8:49 PM,22.2°C,19.9°C,87%,E,7.2km/h,9.3km/h,1003.62hPa,0mm,0mm,0,0w/m²
9:04 PM,21.9°C,19.7°C,88%,SE,3.5km/h,5.5km/h,1003.62hPa,0mm,0mm,0,0w/m²
9:19 PM,21.5°C,19.4°C,88%,E,6.1km/h,9.3km/h,1003.62hPa,0mm,0mm,0,0w/m²
9:34 PM,21.5°C,19.4°C,88%,E,6.9km/h,11.1km/h,1003.73hPa,0mm,0mm,0,0w/m²
9:49 PM,21.4°C,19.5°C,89%,ESE,5.8km/h,9.3km/h,1003.73hPa,0mm,0mm,0,0w/m²
10:04 PM,21.3°C,19.4°C,89%,ESE,5km/h,7.2km/h,1003.73hPa,0mm,0mm,0,0w/m²
10:19 PM,21.2°C,19.5°C,90%,ESE,7.6km/h,11.1km/h,1004.03hPa,0mm,0mm,0,0w/m²
10:34 PM,21.1°C,19.4°C,90%,E,4.7km/h,7.2km/h,1003.83hPa,0mm,0mm,0,0w/m²
10:49 PM,21.1°C,19.4°C,90%,E,4.3km/h,5.5km/h,1004.13hPa,0mm,0mm,0,0w/m²
11:04 PM,20.9°C,19.4°C,91%,E,8.7km/h,11.1km/h,1004.03hPa,0mm,0mm,0,0w/m²
11:19 PM,20.9°C,19.4°C,91%,ESE,6.1km/h,7.2km/h,1004.13hPa,0mm,0mm,0,0w/m²
11:34 PM,20.8°C,19.5°C,92%,ESE,5km/h,7.2km/h,1004.03hPa,0mm,0mm,0,0w/m²
11:49 PM,20.8°C,19.5°C,92%,ESE,4km/h,9.3km/h,1004.03hPa,0mm,0mm,0,0w/m²
12:04 AM,20.8°C,19.5°C,92%,ESE,6.4km/h,9.3km/h,1003.83hPa,0mm,0mm,0,0w/m²
12:19 AM,20.6°C,19.4°C,93%,ESE,3.5km/h,5.5km/h,1003.62hPa,0mm,0mm,0,0w/m²
12:34 AM,20.6°C,19.4°C,93%,ESE,7.2km/h,9.3km/h,1003.52hPa,0mm,0mm,0,0w/m²
12:49 AM,20.5°C,19.3°C,94%,ESE,5.5km/h,7.2km/h,1002.81hPa,0mm,0mm,0,0w/m²
1:04 AM,20°C,19.1°C,95%,ESE,5.8km/h,9.3km/h,1002.03hPa,0mm,0mm,0,0w/m²
1:19 AM,19.9°C,19°C,95%,E,9.3km/h,11.1km/h,1001.63hPa,0mm,0mm,0,0w/m²
1:34 AM,19.9°C,19°C,95%,E,7.6km/h,13km/h,1001.73hPa,0mm,0mm,0,0w/m²
1:49 AM,19.8°C,18.9°C,95%,ESE,5.5km/h,11.1km/h,1001.73hPa,0mm,0mm,0,0w/m²
2:04 AM,19.9°C,19°C,95%,ESE,6.4km/h,9.3km/h,1002.13hPa,0mm,0mm,0,0w/m²
2:19 AM,20°C,18.9°C,94%,ESE,6.1km/h,9.3km/h,1001.73hPa,0mm,0mm,0,0w/m²
2:34 AM,20°C,18.9°C,94%,ESE,8.7km/h,13km/h,1001.73hPa,0mm,0mm,0,0w/m²
2:49 AM,20°C,18.9°C,94%,ESE,3.5km/h,5.5km/h,1001.73hPa,0mm,0mm,0,0w/m²
3:04 AM,19.9°C,19°C,95%,ESE,6.1km/h,9.3km/h,1001.63hPa,0mm,0mm,0,0w/m²
3:19 AM,20°C,19.1°C,95%,ESE,4.7km/h,7.2km/h,1001.63hPa,0mm,0mm,0,0w/m²
3:34 AM,20.1°C,19°C,94%,ESE,6.1km/h,9.3km/h,1001.73hPa,0mm,0mm,0,0w/m²
3:49 AM,20.2°C,19.1°C,94%,E,8.7km/h,13km/h,1001.52hPa,0mm,0mm,0,0w/m²
4:04 AM,20.2°C,19.1°C,94%,ESE,6.1km/h,13km/h,1001.32hPa,0mm,0mm,0,0w/m²
4:19 AM,20.2°C,19.1°C,94%,E,7.2km/h,11.1km/h,1001.32hPa,0mm,0mm,0,0w/m²
4:34 AM,20.1°C,19.2°C,95%,E,5.5km/h,7.2km/h,1001.52hPa,0mm,0mm,0,0w/m²
4:49 AM,20°C,19.1°C,95%,ESE,5.5km/h,7.2km/h,1001.32hPa,0mm,0mm,0,0w/m²
5:04 AM,20°C,19.1°C,95%,ESE,6.4km/h,9.3km/h,1001.32hPa,0mm,0mm,0,0w/m²
5:19 AM,20.1°C,19.1°C,95%,ENE,9.3km/h,13km/h,1001.52hPa,0mm,0mm,0,0w/m²
5:34 AM,20.1°C,19°C,94%,ESE,6.4km/h,11.1km/h,1001.42hPa,0mm,0mm,0,0w/m²
5:49 AM,20.1°C,19°C,94%,ESE,6.1km/h,14.8km/h,1001.22hPa,0mm,0mm,0,0w/m²
6:04 AM,20.2°C,19°C,93%,E,8.7km/h,18.3km/h,1001.32hPa,0mm,0mm,0,0.6w/m²
6:19 AM,20.3°C,19.1°C,93%,E,7.9km/h,11.1km/h,1001.32hPa,0mm,0mm,0,1.5w/m²
6:34 AM,20.4°C,19.1°C,92%,E,6.4km/h,14.8km/h,1001.52hPa,0mm,0mm,0,6.6w/m²
6:49 AM,20.5°C,19.2°C,92%,ESE,4.7km/h,7.2km/h,1001.63hPa,0mm,0mm,0,6.7w/m²
7:04 AM,20.6°C,19.3°C,92%,S,8.7km/h,13km/h,1002.54hPa,0mm,0mm,0,4.9w/m²
7:19 AM,20.4°C,19.3°C,94%,S,8.2km/h,14.8km/h,1003.52hPa,0mm,0mm,0,11.2w/m²
7:34 AM,18.7°C,18.2°C,98%,S,17.2km/h,23.8km/h,1003.32hPa,0mm,0mm,0,8.8w/m²
7:49 AM,17°C,16.8°C,99%,S,25.3km/h,33.2km/h,1003.22hPa,0mm,0mm,0,6.4w/m²
8:04 AM,16.3°C,16.1°C,99%,S,24.8km/h,34.9km/h,1003.01hPa,3mm,0.51mm,0,3.6w/m²
8:19 AM,15.8°C,15.6°C,99%,SSW,11.9km/h,20.1km/h,1005.11hPa,12.6mm,3.61mm,0,5w/m²
8:34 AM,15.4°C,15.2°C,99%,S,20.1km/h,25.6km/h,1004.74hPa,51.59mm,13.49mm,0,4.6w/m²
8:49 AM,15.2°C,15°C,99%,S,19.5km/h,34.9km/h,1004.91hPa,42.6mm,21.79mm,0,6.9w/m²
9:04 AM,15.3°C,15.1°C,99%,S,16.9km/h,20.1km/h,1006.23hPa,38.4mm,29.49mm,0,10.9w/m²
9:19 AM,15.2°C,15°C,99%,S,16.3km/h,23.8km/h,1006.54hPa,31.8mm,36.09mm,0,10.2w/m²
9:34 AM,15.2°C,15°C,99%,S,21.2km/h,25.6km/h,1007.11hPa,28.8mm,41.91mm,0,12.8w/m²
9:49 AM,15.2°C,15°C,99%,S,18km/h,25.6km/h,1006.74hPa,21.59mm,46.2mm,0,19.2w/m²
10:04 AM,15.2°C,15°C,99%,SSW,22.4km/h,31.4km/h,1007.11hPa,7.8mm,48.01mm,0,19.4w/m²
10:19 AM,15.3°C,15.1°C,99%,SSW,18.7km/h,23.8km/h,1008.13hPa,19.81mm,52.1mm,0,18.7w/m²
10:34 AM,15.3°C,15.1°C,99%,S,11.9km/h,20.1km/h,1008.03hPa,12.6mm,54.89mm,0,17.7w/m²
10:49 AM,15.3°C,15.1°C,99%,S,12.6km/h,20.1km/h,1008.13hPa,9.6mm,57.2mm,0,18.9w/m²
11:04 AM,15.2°C,15°C,99%,S,16.3km/h,21.9km/h,1008.13hPa,13.21mm,60.2mm,0,24w/m²
11:19 AM,15.2°C,15°C,99%,S,20.9km/h,25.6km/h,1008.33hPa,13.79mm,63.2mm,0,42.5w/m²
11:34 AM,15.3°C,15.1°C,99%,S,11.9km/h,14.8km/h,1009.11hPa,9.6mm,65.51mm,0,52.7w/m²
11:49 AM,15.3°C,15.1°C,99%,SSW,7.2km/h,9.3km/h,1009.21hPa,10.8mm,68.1mm,0,68.3w/m²
12:04 PM,15.3°C,15.1°C,99%,SSE,7.9km/h,11.1km/h,1008.43hPa,4.8mm,69.09mm,0,63.2w/m²
12:19 PM,15.2°C,15°C,99%,SSE,14.8km/h,18.3km/h,1007.72hPa,4.8mm,70.1mm,0,74.6w/m²
12:34 PM,15.1°C,14.9°C,99%,S,18km/h,27.7km/h,1007.21hPa,3mm,70.89mm,0,68.8w/m²
12:49 PM,15°C,14.8°C,99%,SSE,16.3km/h,20.1km/h,1007.21hPa,3mm,71.4mm,0,73.9w/m²
1:04 PM,15.2°C,15°C,99%,SSE,16.3km/h,21.9km/h,1007.11hPa,3mm,71.91mm,0,83.5w/m²
1:19 PM,15.2°C,15°C,99%,SE,11.6km/h,14.8km/h,1007.01hPa,3mm,72.39mm,0,98.6w/m²
1:34 PM,15.3°C,15.1°C,99%,SSE,7.2km/h,11.1km/h,1006.74hPa,3mm,72.9mm,1,125.7w/m²
1:49 PM,15.4°C,15.2°C,99%,ENE,6.1km/h,9.3km/h,1007.62hPa,1.8mm,73.2mm,0,95.2w/m²
2:04 PM,15.4°C,15.2°C,99%,SE,7.9km/h,11.1km/h,1007.01hPa,3mm,73.71mm,1,112.8w/m²
2:19 PM,15.5°C,15.3°C,99%,SE,6.1km/h,9.3km/h,1006.84hPa,3mm,74.4mm,0,100.5w/m²
2:34 PM,15.5°C,15.3°C,99%,ESE,4.7km/h,5.5km/h,1006.43hPa,3mm,74.9mm,0,87.5w/m²
2:49 PM,15.6°C,15.4°C,99%,ESE,5.5km/h,7.2km/h,1006.64hPa,1.8mm,75.21mm,1,123.8w/m²
3:04 PM,15.7°C,15.5°C,99%,E,5km/h,9.3km/h,1006.13hPa,1.19mm,75.41mm,0,84.8w/m²
3:19 PM,15.7°C,15.5°C,99%,ESE,5km/h,7.2km/h,1005.72hPa,0mm,75.41mm,0,74.9w/m²
3:34 PM,15.7°C,15.5°C,99%,ENE,8.2km/h,11.1km/h,1006.03hPa,1.8mm,75.69mm,1,113.2w/m²
3:49 PM,15.6°C,15.4°C,99%,E,5.5km/h,9.3km/h,1005.32hPa,1.19mm,75.9mm,0,90w/m²
4:04 PM,15.5°C,15.3°C,99%,ESE,4.3km/h,5.5km/h,1004.64hPa,0mm,75.9mm,0,56.2w/m²
4:19 PM,15.7°C,15.5°C,99%,ESE,1.8km/h,1.8km/h,1004.84hPa,0mm,75.9mm,0,52.2w/m²
4:34 PM,15.8°C,15.6°C,99%,ESE,3.5km/h,5.5km/h,1004.54hPa,3.61mm,76.5mm,0,31.9w/m²
4:49 PM,15.7°C,15.5°C,99%,ENE,4km/h,7.2km/h,1005.11hPa,1.19mm,76.71mm,0,21.9w/m²
5:04 PM,15.6°C,15.4°C,99%,ENE,5.8km/h,7.2km/h,1005.32hPa,3mm,77.5mm,0,29.8w/m²
5:19 PM,15.7°C,15.5°C,99%,E,8.2km/h,11.1km/h,1005.62hPa,1.19mm,77.7mm,0,32.5w/m²
5:34 PM,15.7°C,15.5°C,99%,ENE,7.9km/h,9.3km/h,1005.32hPa,3mm,78.51mm,0,12.4w/m²
5:49 PM,15.7°C,15.5°C,99%,E,4.7km/h,7.2km/h,1005.93hPa,3mm,78.99mm,0,4.1w/m²
6:04 PM,15.7°C,15.5°C,99%,NE,7.9km/h,11.1km/h,1005.62hPa,4.8mm,80.01mm,0,6.4w/m²
6:19 PM,15.7°C,15.5°C,99%,NE,8.7km/h,13km/h,1005.42hPa,1.8mm,80.29mm,0,2.2w/m²
6:34 PM,15.6°C,15.4°C,99%,E,6.4km/h,11.1km/h,1003.93hPa,3mm,80.8mm,0,0.7w/m²
6:49 PM,15.6°C,15.4°C,99%,ENE,7.9km/h,14.8km/h,1003.12hPa,3mm,81.31mm,0,0.6w/m²
7:04 PM,15.5°C,15.3°C,99%,ENE,14.3km/h,18.3km/h,1003.12hPa,0mm,81.31mm,0,0w/m²
7:19 PM,15.6°C,15.4°C,99%,ENE,8.7km/h,14.8km/h,1003.62hPa,0mm,81.31mm,0,0w/m²
7:34 PM,15.5°C,15.3°C,99%,E,9.7km/h,13km/h,1003.73hPa,0mm,81.31mm,0,0w/m²
7:49 PM,15.5°C,15.3°C,99%,ESE,6.1km/h,9.3km/h,1004.34hPa,0mm,81.31mm,0,0w/m²
8:04 PM,15.5°C,15.3°C,99%,ESE,4.3km/h,5.5km/h,1004.64hPa,0mm,81.31mm,0,0w/m²
8:19 PM,15.5°C,15.3°C,99%,SSE,4km/h,5.5km/h,1004.23hPa,0mm,81.31mm,0,0w/m²
8:34 PM,15.5°C,15.3°C,99%,SSE,2.9km/h,3.5km/h,1005.72hPa,0mm,81.31mm,0,0w/m²
8:49 PM,15.4°C,15.2°C,99%,S,7.2km/h,11.1km/h,1006.13hPa,0mm,81.31mm,0,0w/m²
9:04 PM,15.3°C,15.1°C,99%,S,4km/h,5.5km/h,1006.13hPa,0mm,81.31mm,0,0w/m²
9:19 PM,15.3°C,15.1°C,99%,SSE,1.1km/h,1.8km/h,1005.62hPa,0mm,81.31mm,0,0w/m²
9:34 PM,15.3°C,15.1°C,99%,S,3.5km/h,3.5km/h,1005.83hPa,0mm,84.99mm,0,0w/m²
9:49 PM,15.2°C,15°C,99%,SSE,2.1km/h,3.5km/h,1005.42hPa,0mm,84.99mm,0,0w/m²
10:04 PM,15.2°C,15°C,99%,S,6.9km/h,11.1km/h,1005.22hPa,0mm,84.99mm,0,0w/m²
10:19 PM,15.2°C,15°C,99%,S,7.2km/h,9.3km/h,1006.03hPa,0mm,84.99mm,0,0w/m²
10:34 PM,15.2°C,15°C,99%,S,4km/h,5.5km/h,1006.13hPa,0mm,84.99mm,0,0w/m²
10:49 PM,15.3°C,15.1°C,99%,SSE,2.6km/h,3.5km/h,1007.21hPa,0mm,84.99mm,0,0w/m²
11:04 PM,15.2°C,15°C,99%,SSE,1.4km/h,1.8km/h,1007.42hPa,0mm,84.99mm,0,0w/m²
11:19 PM,15.2°C,15°C,99%,SE,4.7km/h,5.5km/h,1006.84hPa,0mm,84.99mm,0,0w/m²
11:34 PM,15.2°C,15°C,99%,SE,1.8km/h,1.8km/h,1006.84hPa,0mm,84.99mm,0,0w/m²
11:49 PM,15.3°C,15.1°C,99%,E,4km/h,5.5km/h,1006.33hPa,0mm,84.99mm,0,0w/m²
